=== git pull ===
Updating 834a2436..91d2fc38
Fast-forward
 .devops/cann.Dockerfile                            |    37 +-
 .devops/cpu.Dockerfile                             |    43 +-
 .devops/cuda.Dockerfile                            |    50 +-
 .devops/intel.Dockerfile                           |    70 +-
 .devops/llama-cli-cann.Dockerfile                  |    21 +-
 .devops/musa.Dockerfile                            |    44 +-
 .devops/nix/package.nix                            |    29 +-
 .devops/openvino.Dockerfile                        |   150 +-
 .devops/rocm.Dockerfile                            |    42 +-
 .devops/s390x.Dockerfile                           |    33 +-
 .devops/vulkan.Dockerfile                          |    43 +-
 .devops/zendnn.Dockerfile                          |   117 +
 .dockerignore                                      |     2 +
 .editorconfig                                      |     2 +-
 .github/ISSUE_TEMPLATE/011-bug-results.yml         |     4 +-
 .github/ISSUE_TEMPLATE/019-bug-misc.yml            |     4 +-
 .github/actions/ccache-clear/action.yml            |    22 +
 .github/actions/linux-setup-spacemit/action.yml    |     2 +-
 .github/actions/unarchive-tar/action.yml           |     2 +-
 .github/actions/windows-setup-cuda/action.yml      |    31 +
 .github/actions/windows-setup-openvino/action.yml  |    24 +
 .github/labeler.yml                                |    51 +-
 .github/workflows/build-3rd-party.yml              |     6 +-
 .github/workflows/build-and-test-snapdragon.yml    |    48 +-
 .github/workflows/build-android.yml                |    71 +-
 .github/workflows/build-apple.yml                  |    96 +-
 .github/workflows/build-cache.yml                  |    40 +-
 .github/workflows/build-cann.yml                   |   140 +-
 .github/workflows/build-cmake-pkg.yml              |    18 +-
 .github/workflows/build-cpu.yml                    |   215 +
 .github/workflows/build-cross.yml                  |     4 +-
 .github/workflows/build-cuda-ubuntu.yml            |   134 +
 .github/workflows/build-cuda-windows.yml           |   162 +
 .github/workflows/build-ibm.yml                    |   150 +
 .github/workflows/build-msys.yml                   |    16 +-
 .github/workflows/build-opencl.yml                 |    82 +
 .github/workflows/build-openvino.yml               |   139 +-
 .github/workflows/build-riscv.yml                  |    92 +-
 .github/workflows/build-rpc.yml                    |    66 +
 .github/workflows/build-sanitize.yml               |    51 +-
 .github/workflows/build-self-hosted.yml            |   195 +-
 .github/workflows/build-sycl.yml                   |    35 +-
 .github/workflows/build-vulkan.yml                 |    51 +-
 .github/workflows/build-webgpu.yml                 |   196 +
 .github/workflows/build.yml                        |  1110 --
 .github/workflows/check-vendor.yml                 |     2 +-
 .github/workflows/code-style.yml                   |     2 +-
 .github/workflows/docker.yml                       |   105 +-
 .github/workflows/editorconfig.yml                 |     2 +-
 .github/workflows/hip-quality-check.yml            |    12 +-
 .github/workflows/pre-tokenizer-hashes.yml         |    16 +-
 .github/workflows/python-check-requirements.yml    |     2 +-
 .github/workflows/python-lint.yml                  |     2 +-
 .github/workflows/python-type-check.yml            |     2 +-
 .github/workflows/release.yml                      |   885 +-
 .github/workflows/server-sanitize.yml              |    43 +-
 .github/workflows/server-self-hosted.yml           |   236 +-
 .github/workflows/server.yml                       |    90 +-
 .github/workflows/ui-build-self-hosted.yml         |    36 +
 .github/workflows/ui-build.yml                     |    48 +
 .../{webui-publish.yml => ui-publish.yml}          |    30 +-
 .github/workflows/ui-self-hosted.yml               |   125 +
 .github/workflows/{server-webui.yml => ui.yml}     |    85 +-
 .github/workflows/update-ops-docs.yml              |     4 +-
 .github/workflows/webui-build.yml                  |    44 -
 .github/workflows/winget.yml                       |     2 +-
 .gitignore                                         |     6 -
 .pi/gg/SYSTEM.md                                   |    19 +-
 AGENTS.md                                          |   198 +-
 CMakeLists.txt                                     |    51 +-
 CODEOWNERS                                         |     9 +-
 CONTRIBUTING.md                                    |     1 +
 README.md                                          |    19 +-
 SECURITY.md                                        |    12 +-
 app/CMakeLists.txt                                 |    31 +
 app/download.cpp                                   |    71 +
 app/llama.cpp                                      |   146 +
 build-xcframework.sh                               |    38 +-
 ci/run.sh                                          |    27 +-
 cmake/llama-config.cmake.in                        |     2 +-
 common/CMakeLists.txt                              |     6 +-
 common/arg.cpp                                     |   809 +-
 common/arg.h                                       |    19 +-
 common/chat-auto-parser-generator.cpp              |    57 +-
 common/chat-auto-parser-helpers.cpp                |     6 +-
 common/chat-auto-parser.h                          |    29 +-
 common/chat-diff-analyzer.cpp                      |   222 +-
 common/chat-peg-parser.cpp                         |   117 +-
 common/chat-peg-parser.h                           |    15 +-
 common/chat.cpp                                    |   846 +-
 common/chat.h                                      |    99 +-
 common/common.cpp                                  |   244 +-
 common/common.h                                    |   143 +-
 common/download.cpp                                |   258 +-
 common/download.h                                  |    76 +-
 common/fit.cpp                                     |    37 +-
 common/fit.h                                       |    50 +-
 common/hf-cache.cpp                                |   277 +-
 common/hf-cache.h                                  |     5 +-
 common/http.h                                      |   104 +-
 common/imatrix-loader.cpp                          |   165 +
 common/imatrix-loader.h                            |    26 +
 common/jinja/caps.cpp                              |    67 +-
 common/jinja/caps.h                                |     6 +-
 common/jinja/runtime.cpp                           |   207 +-
 common/jinja/runtime.h                             |   128 +
 common/jinja/value.cpp                             |   116 +-
 common/json-partial.cpp                            |   324 -
 common/json-partial.h                              |    39 -
 common/json-schema-to-grammar.cpp                  |    46 +-
 common/log.cpp                                     |   156 +-
 common/ngram-map.cpp                               |    30 +-
 common/ngram-mod.cpp                               |     2 +
 common/peg-parser.cpp                              |   284 +-
 common/peg-parser.h                                |    19 +-
 common/preset.cpp                                  |    75 +-
 common/preset.h                                    |     2 +-
 common/reasoning-budget.cpp                        |    60 +-
 common/reasoning-budget.h                          |     4 +
 common/regex-partial.cpp                           |   204 -
 common/regex-partial.h                             |    56 -
 common/sampling.cpp                                |   102 +-
 common/sampling.h                                  |     5 +-
 common/speculative.cpp                             |  1815 ++-
 common/speculative.h                               |    31 +
 conversion/__init__.py                             |   362 +
 conversion/afmoe.py                                |    79 +
 conversion/arctic.py                               |   162 +
 conversion/baichuan.py                             |    59 +
 conversion/bailingmoe.py                           |   216 +
 conversion/base.py                                 |  2643 +++
 conversion/bert.py                                 |   631 +
 conversion/bitnet.py                               |    49 +
 conversion/bloom.py                                |    67 +
 conversion/chameleon.py                            |    58 +
 conversion/chatglm.py                              |   167 +
 conversion/codeshell.py                            |    21 +
 conversion/cogvlm.py                               |    33 +
 conversion/command_r.py                            |   177 +
 conversion/dbrx.py                                 |    75 +
 conversion/deci.py                                 |   184 +
 conversion/deepseek.py                             |   776 +
 conversion/dots1.py                                |    32 +
 conversion/dotsocr.py                              |    48 +
 conversion/dream.py                                |    72 +
 conversion/ernie.py                                |   200 +
 conversion/exaone.py                               |   305 +
 conversion/falcon.py                               |    58 +
 conversion/falcon_h1.py                            |   118 +
 conversion/gemma.py                                |   947 ++
 conversion/glm.py                                  |   259 +
 conversion/gpt2.py                                 |    78 +
 conversion/gpt_oss.py                              |   130 +
 conversion/gptneox.py                              |    63 +
 conversion/granite.py                              |   506 +
 conversion/grok.py                                 |   116 +
 conversion/grovemoe.py                             |   108 +
 conversion/hunyuan.py                              |   461 +
 conversion/internlm.py                             |   232 +
 conversion/internvl.py                             |    98 +
 conversion/jais.py                                 |   104 +
 conversion/jamba.py                                |   119 +
 conversion/januspro.py                             |   116 +
 conversion/kimi_linear.py                          |   223 +
 conversion/kimivl.py                               |   154 +
 conversion/lfm2.py                                 |   263 +
 conversion/lighton_ocr.py                          |    29 +
 conversion/llada.py                                |   172 +
 conversion/llama.py                                |   444 +
 conversion/llama4.py                               |    38 +
 conversion/llava.py                                |   129 +
 conversion/maincoder.py                            |    14 +
 conversion/mamba.py                                |   198 +
 conversion/mellum.py                               |    61 +
 conversion/mimo.py                                 |   295 +
 conversion/minicpm.py                              |   180 +
 conversion/minimax.py                              |    54 +
 conversion/mistral.py                              |   202 +
 conversion/mistral3.py                             |    67 +
 conversion/mpt.py                                  |    49 +
 conversion/nemotron.py                             |   385 +
 conversion/olmo.py                                 |   120 +
 conversion/openelm.py                              |    83 +
 conversion/orion.py                                |    37 +
 conversion/pangu.py                                |    46 +
 conversion/phi.py                                  |   388 +
 conversion/pixtral.py                              |    41 +
 conversion/plamo.py                                |   195 +
 conversion/plm.py                                  |    23 +
 conversion/qwen.py                                 |   690 +
 conversion/qwen3vl.py                              |   360 +
 conversion/qwenvl.py                               |   200 +
 conversion/refact.py                               |    68 +
 conversion/rwkv.py                                 |   302 +
 conversion/sarashina2.py                           |    32 +
 conversion/smallthinker.py                         |    82 +
 conversion/smolvlm.py                              |    47 +
 conversion/stablelm.py                             |    98 +
 conversion/starcoder.py                            |    23 +
 conversion/step3.py                                |   338 +
 conversion/t5.py                                   |   286 +
 conversion/talkie.py                               |    53 +
 conversion/ultravox.py                             |   203 +
 conversion/wavtokenizer.py                         |    45 +
 conversion/xverse.py                               |    90 +
 conversion/youtuvl.py                              |    64 +
 convert_hf_to_gguf.py                              | 14096 +---------------
 convert_hf_to_gguf_update.py                       |    14 +-
 convert_lora_to_gguf.py                            |    40 +-
 docs/android.md                                    |     2 +-
 docs/autoparser.md                                 |     3 +-
 docs/backend/CUDA-FEDORA.md                        |     2 +-
 docs/backend/ET.md                                 |   177 +
 docs/backend/OPENCL.md                             |    91 +-
 docs/backend/OPENVINO.md                           |   669 +-
 docs/backend/SYCL.md                               |   159 +-
 docs/backend/ZenDNN.md                             |    19 +-
 docs/backend/snapdragon/CMakeUserPresets.json      |    15 +-
 docs/backend/snapdragon/README.md                  |     6 +-
 docs/backend/snapdragon/windows.md                 |    12 +-
 docs/build-riscv64-spacemit.md                     |     2 +-
 docs/build.md                                      |    12 +-
 docs/development/HOWTO-add-model.md                |    13 +-
 docs/docker.md                                     |    36 +
 docs/function-calling.md                           |     1 +
 docs/install.md                                    |    32 +-
 docs/multimodal.md                                 |     5 +-
 docs/multimodal/granitevision.md                   |     2 +-
 docs/ops.md                                        |   217 +-
 docs/ops/ET.csv                                    | 16114 +++++++++++++++++++
 docs/ops/SYCL.csv                                  |  8320 +++++-----
 docs/ops/Vulkan.csv                                | 11353 ++++++++-----
 docs/preset.md                                     |    72 +-
 docs/speculative.md                                |   149 +-
 examples/CMakeLists.txt                            |     1 -
 examples/convert_legacy_llama.py                   |     3 +-
 examples/json_schema_to_grammar.py                 |    42 +-
 examples/llama-eval/llama-eval.py                  |   250 +-
 examples/llama-eval/llama-server-simulator.py      |    99 +-
 examples/llama.android/lib/build.gradle.kts        |     1 +
 examples/model-conversion/README.md                |     2 +-
 .../scripts/embedding/run-original-model.py        |     2 +-
 examples/save-load-state/CMakeLists.txt            |     5 -
 examples/save-load-state/save-load-state.cpp       |   320 -
 examples/speculative-simple/speculative-simple.cpp |    10 +-
 examples/sycl/build.sh                             |    40 +-
 examples/sycl/start-svr.sh                         |     1 -
 examples/sycl/test.sh                              |     1 -
 examples/sycl/update-ops-doc.sh                    |     9 +
 examples/sycl/win-build-sycl.bat                   |    31 +-
 examples/sycl/win-start-svr.bat                    |     1 -
 examples/sycl/win-test.bat                         |     1 -
 examples/sycl/win-update-ops-doc.bat               |     8 +
 ggml/CMakeLists.txt                                |    11 +-
 ggml/cmake/ggml-config.cmake.in                    |    14 +-
 ggml/include/ggml-alloc.h                          |     1 +
 ggml/include/ggml-backend.h                        |    10 +-
 ggml/include/ggml-cpu.h                            |     1 +
 ggml/include/ggml-cuda.h                           |     3 -
 ggml/include/ggml-et.h                             |    28 +
 ggml/include/ggml-rpc.h                            |     4 +-
 ggml/include/ggml-sycl.h                           |     8 +
 ggml/include/ggml.h                                |    98 +-
 ggml/include/gguf.h                                |    23 +-
 ggml/src/CMakeLists.txt                            |    27 +-
 ggml/src/ggml-alloc.c                              |     2 +-
 ggml/src/ggml-backend-meta.cpp                     |   518 +-
 ggml/src/ggml-backend-reg.cpp                      |     7 +
 ggml/src/ggml-backend.cpp                          |     6 +-
 ggml/src/ggml-blas/ggml-blas.cpp                   |     7 +
 ggml/src/ggml-common.h                             |    15 +-
 ggml/src/ggml-cpu/CMakeLists.txt                   |    41 +-
 ggml/src/ggml-cpu/amx/mmq.cpp                      |    11 +-
 ggml/src/ggml-cpu/arch-fallback.h                  |     9 +-
 ggml/src/ggml-cpu/arch/arm/cpu-feats.cpp           |     5 +
 ggml/src/ggml-cpu/arch/arm/quants.c                |    82 +-
 ggml/src/ggml-cpu/arch/loongarch/quants.c          |   151 +
 ggml/src/ggml-cpu/arch/riscv/quants.c              |  3895 +++--
 ggml/src/ggml-cpu/arch/wasm/quants.c               |    72 +
 ggml/src/ggml-cpu/arch/x86/quants.c                |   146 +-
 ggml/src/ggml-cpu/ggml-cpu.c                       |    66 +-
 ggml/src/ggml-cpu/ggml-cpu.cpp                     |     8 +-
 ggml/src/ggml-cpu/kleidiai/kernels.cpp             |   195 +-
 ggml/src/ggml-cpu/kleidiai/kernels.h               |    12 +-
 ggml/src/ggml-cpu/kleidiai/kleidiai.cpp            |   640 +-
 ggml/src/ggml-cpu/llamafile/sgemm.cpp              |    45 +-
 ggml/src/ggml-cpu/ops.cpp                          |   796 +-
 ggml/src/ggml-cpu/ops.h                            |     5 +
 ggml/src/ggml-cpu/quants.c                         |    51 +
 ggml/src/ggml-cpu/quants.h                         |     3 +
 ggml/src/ggml-cpu/simd-gemm.h                      |     2 +-
 ggml/src/ggml-cpu/simd-mappings.h                  |    30 +-
 ggml/src/ggml-cpu/vec.cpp                          |    94 +-
 ggml/src/ggml-cpu/vec.h                            |   158 +-
 ggml/src/ggml-cuda/CMakeLists.txt                  |     3 +-
 ggml/src/ggml-cuda/argsort.cu                      |    34 +-
 ggml/src/ggml-cuda/argsort.cuh                     |     1 +
 ggml/src/ggml-cuda/binbcast.cu                     |   168 +-
 ggml/src/ggml-cuda/col2im-1d.cu                    |    81 +
 ggml/src/ggml-cuda/col2im-1d.cuh                   |     3 +
 ggml/src/ggml-cuda/common.cuh                      |   162 +-
 ggml/src/ggml-cuda/concat.cu                       |   180 +-
 ggml/src/ggml-cuda/conv-transpose-1d.cu            |    26 +-
 ggml/src/ggml-cuda/convert.cu                      |   120 +-
 ggml/src/ggml-cuda/cpy.cu                          |   117 +-
 ggml/src/ggml-cuda/dsv4-hc.cu                      |   294 +
 ggml/src/ggml-cuda/dsv4-hc.cuh                     |     6 +
 ggml/src/ggml-cuda/fattn-common.cuh                |   128 +-
 ggml/src/ggml-cuda/fattn-mma-f16.cuh               |   364 +-
 ggml/src/ggml-cuda/fattn-tile.cuh                  |    42 +-
 ggml/src/ggml-cuda/fattn-vec.cuh                   |    29 +-
 ggml/src/ggml-cuda/fattn-wmma-f16.cu               |    27 +-
 ggml/src/ggml-cuda/fattn.cu                        |   140 +-
 ggml/src/ggml-cuda/fattn.cuh                       |     2 +
 ggml/src/ggml-cuda/fwht.cu                         |   101 +
 ggml/src/ggml-cuda/fwht.cuh                        |     4 +
 ggml/src/ggml-cuda/gated_delta_net.cu              |   124 +-
 ggml/src/ggml-cuda/gated_delta_net.cuh             |    10 +
 ggml/src/ggml-cuda/getrows.cu                      |    37 +-
 ggml/src/ggml-cuda/ggml-cuda.cu                    |  2133 ++-
 ggml/src/ggml-cuda/lightning-indexer.cu            |   588 +
 ggml/src/ggml-cuda/lightning-indexer.cuh           |     4 +
 ggml/src/ggml-cuda/mean.cu                         |     6 +-
 ggml/src/ggml-cuda/mma.cuh                         |   149 +-
 ggml/src/ggml-cuda/mmf.cu                          |     2 +-
 ggml/src/ggml-cuda/mmf.cuh                         |     6 +-
 ggml/src/ggml-cuda/mmid.cu                         |    31 +-
 ggml/src/ggml-cuda/mmid.cuh                        |     2 +-
 ggml/src/ggml-cuda/mmq-config-ampere.cuh           |   366 +
 ggml/src/ggml-cuda/mmq-config-blackwell.cuh        |    37 +
 ggml/src/ggml-cuda/mmq-config-cdna.cuh             |   177 +
 ggml/src/ggml-cuda/mmq-config-pascal.cuh           |   261 +
 ggml/src/ggml-cuda/mmq-config-rdna2.cuh            |   261 +
 ggml/src/ggml-cuda/mmq-config-rdna4.cuh            |   282 +
 ggml/src/ggml-cuda/mmq-load-tiles.cuh              |  1679 ++
 ggml/src/ggml-cuda/mmq-vec-dot.cuh                 |  1251 ++
 ggml/src/ggml-cuda/mmq.cu                          |    92 +-
 ggml/src/ggml-cuda/mmq.cuh                         |  4227 +----
 ggml/src/ggml-cuda/mmvf.cu                         |    31 +-
 ggml/src/ggml-cuda/mmvq.cu                         |   246 +-
 ggml/src/ggml-cuda/mmvq.cuh                        |     2 +
 ggml/src/ggml-cuda/norm.cu                         |    46 +-
 ggml/src/ggml-cuda/out-prod.cu                     |    67 +-
 ggml/src/ggml-cuda/quantize.cu                     |   307 +-
 ggml/src/ggml-cuda/quantize.cuh                    |    25 +
 ggml/src/ggml-cuda/reduce_rows.cuh                 |     6 +-
 ggml/src/ggml-cuda/rope.cu                         |    15 +-
 ggml/src/ggml-cuda/scale.cu                        |     5 +-
 ggml/src/ggml-cuda/set-rows.cu                     |    88 +-
 ggml/src/ggml-cuda/softcap.cu                      |     5 +-
 ggml/src/ggml-cuda/ssm-conv.cu                     |    29 +-
 ggml/src/ggml-cuda/ssm-scan.cu                     |    58 +-
 ggml/src/ggml-cuda/sumrows.cu                      |    12 +-
 .../fattn-mma-f16-instance-ncols1_16-ncols2_2.cu   |     1 +
 .../fattn-mma-f16-instance-ncols1_32-ncols2_2.cu   |     1 +
 .../fattn-mma-f16-instance-ncols1_4-ncols2_2.cu    |     1 +
 .../fattn-mma-f16-instance-ncols1_8-ncols2_2.cu    |     1 +
 .../template-instances/generate_cu_files.py        |     2 +-
 ggml/src/ggml-cuda/top-k.cu                        |    24 +-
 ggml/src/ggml-cuda/topk-moe.cu                     |    57 +-
 ggml/src/ggml-cuda/unary.cu                        |    10 +-
 ggml/src/ggml-cuda/vecdotq.cuh                     |    51 +-
 ggml/src/ggml-cuda/vendors/hip.h                   |     5 +-
 ggml/src/ggml-cuda/vendors/musa.h                  |     1 +
 ggml/src/ggml-et/CMakeLists.txt                    |   246 +
 ggml/src/ggml-et/cmake/embed_one_kernel.cmake      |    15 +
 .../src/ggml-et/cmake/ggml-et-kernels-embed.cpp.in |     6 +
 .../src/ggml-et/cmake/ggml-et-kernels-embed.hpp.in |    12 +
 .../cmake/ggml-et-uberkernel-kernel-map.cpp.in     |    18 +
 .../cmake/ggml-et-uberkernel-kernel-map.h.in       |    13 +
 ggml/src/ggml-et/et-kernels/CMakeLists.txt         |   137 +
 .../scripts/check_unimplemented_instructions.sh    |    36 +
 ggml/src/ggml-et/et-kernels/src/RunBackend.sh      |    23 +
 ggml/src/ggml-et/et-kernels/src/block_ops.h        |   997 ++
 ggml/src/ggml-et/et-kernels/src/clamp_f32.c        |   120 +
 ggml/src/ggml-et/et-kernels/src/concat_f32.c       |   175 +
 ggml/src/ggml-et/et-kernels/src/cont_f16.c         |   107 +
 ggml/src/ggml-et/et-kernels/src/cont_f32.c         |   248 +
 ggml/src/ggml-et/et-kernels/src/conv_2d_f32_me.c   |   807 +
 ggml/src/ggml-et/et-kernels/src/cpy_f32_f16.c      |   110 +
 ggml/src/ggml-et/et-kernels/src/crt.S              |    15 +
 ggml/src/ggml-et/et-kernels/src/cumsum_f32.c       |    96 +
 ggml/src/ggml-et/et-kernels/src/diag_f32.c         |    90 +
 ggml/src/ggml-et/et-kernels/src/el_map_f32.c       |   377 +
 ggml/src/ggml-et/et-kernels/src/fill_f32.c         |    87 +
 .../ggml-et/et-kernels/src/flash_attn_ext_f16_me.c |  1000 ++
 .../ggml-et/et-kernels/src/flash_attn_ext_f32.c    |   217 +
 .../ggml-et/et-kernels/src/gated_delta_net_f32.c   |   346 +
 ggml/src/ggml-et/et-kernels/src/get_rows_f32.c     |   612 +
 ggml/src/ggml-et/et-kernels/src/ggml_tensor.h      |    44 +
 ggml/src/ggml-et/et-kernels/src/glu_f32.c          |   551 +
 ggml/src/ggml-et/et-kernels/src/group_norm_f32.c   |   171 +
 ggml/src/ggml-et/et-kernels/src/im2col.c           |   130 +
 ggml/src/ggml-et/et-kernels/src/l2_norm_f32.c      |   237 +
 ggml/src/ggml-et/et-kernels/src/linker.ld          |    85 +
 ggml/src/ggml-et/et-kernels/src/math_fp.h          |   299 +
 ggml/src/ggml-et/et-kernels/src/mean_f32.c         |   220 +
 ggml/src/ggml-et/et-kernels/src/memops.c           |   181 +
 ggml/src/ggml-et/et-kernels/src/mul_mat_Q4_0.c     |   358 +
 .../et-kernels/src/mul_mat_Q4_0_matrix_engine.c    |   368 +
 ggml/src/ggml-et/et-kernels/src/mul_mat_Q8_0.c     |   413 +
 ggml/src/ggml-et/et-kernels/src/mul_mat_f16.c      |   142 +
 .../et-kernels/src/mul_mat_f16_matrix_engine.c     |   329 +
 ggml/src/ggml-et/et-kernels/src/mul_mat_f32.c      |   137 +
 .../et-kernels/src/mul_mat_f32_matrix_engine.c     |   155 +
 ggml/src/ggml-et/et-kernels/src/mul_mat_id_Q4_0.c  |   169 +
 ggml/src/ggml-et/et-kernels/src/mul_mat_id_Q8_0.c  |   160 +
 ggml/src/ggml-et/et-kernels/src/mul_mat_id_f32.c   |   288 +
 ggml/src/ggml-et/et-kernels/src/norm_f32.c         |   328 +
 ggml/src/ggml-et/et-kernels/src/pad_f32.c          |   165 +
 ggml/src/ggml-et/et-kernels/src/platform.h         |   545 +
 ggml/src/ggml-et/et-kernels/src/quants.h           |    72 +
 ggml/src/ggml-et/et-kernels/src/repeat_f32.c       |   118 +
 ggml/src/ggml-et/et-kernels/src/rms_norm_f32.c     |   270 +
 ggml/src/ggml-et/et-kernels/src/rms_norm_mul_f32.c |   290 +
 ggml/src/ggml-et/et-kernels/src/rope_f32.c         |   656 +
 ggml/src/ggml-et/et-kernels/src/rwkv_wkv6_f32.c    |   184 +
 ggml/src/ggml-et/et-kernels/src/rwkv_wkv7_f32.c    |   272 +
 ggml/src/ggml-et/et-kernels/src/scale_f32.c        |    94 +
 ggml/src/ggml-et/et-kernels/src/set_f32.c          |   101 +
 ggml/src/ggml-et/et-kernels/src/set_rows_f32.c     |   394 +
 ggml/src/ggml-et/et-kernels/src/softmax_f32.c      |   698 +
 ggml/src/ggml-et/et-kernels/src/solve_tri_f32.c    |   109 +
 ggml/src/ggml-et/et-kernels/src/sqr_f32.c          |    88 +
 ggml/src/ggml-et/et-kernels/src/ssm_conv_f32.c     |   129 +
 ggml/src/ggml-et/et-kernels/src/ssm_scan_f32.c     |   271 +
 ggml/src/ggml-et/et-kernels/src/sum_rows_f32.c     |   103 +
 ggml/src/ggml-et/et-kernels/src/tensor.h           |   897 ++
 ggml/src/ggml-et/et-kernels/src/tri_f32.c          |   244 +
 ggml/src/ggml-et/et-kernels/src/uberkernel.c       |   497 +
 ggml/src/ggml-et/et-kernels/src/unary_f32.c        |   705 +
 ggml/src/ggml-et/ggml-et-common.h                  |    86 +
 ggml/src/ggml-et/ggml-et-cpu-compare.cpp           |   497 +
 ggml/src/ggml-et/ggml-et-cpu-compare.h             |    54 +
 ggml/src/ggml-et/ggml-et-kernels.cpp               |   508 +
 ggml/src/ggml-et/ggml-et-kernels.h                 |    48 +
 ggml/src/ggml-et/ggml-et-memops.cpp                |    36 +
 ggml/src/ggml-et/ggml-et-memops.h                  |    18 +
 ggml/src/ggml-et/ggml-et-ops.cpp                   |  2580 +++
 ggml/src/ggml-et/ggml-et-ops.h                     |   392 +
 ggml/src/ggml-et/ggml-et-uberkernel-common.h       |    17 +
 ggml/src/ggml-et/ggml-et.cpp                       |  1876 +++
 ggml/src/ggml-hexagon/CMakeLists.txt               |     5 -
 ggml/src/ggml-hexagon/ggml-hexagon.cpp             |  3217 ++--
 ggml/src/ggml-hexagon/htp-drv.cpp                  |    47 +-
 ggml/src/ggml-hexagon/htp-drv.h                    |     8 +-
 ggml/src/ggml-hexagon/htp-opnode.h                 |   394 +
 ggml/src/ggml-hexagon/htp/CMakeLists.txt           |    42 +-
 ggml/src/ggml-hexagon/htp/act-ops.c                |    11 +-
 ggml/src/ggml-hexagon/htp/argsort-ops.c            |   257 +-
 ggml/src/ggml-hexagon/htp/binary-ops.c             |     1 +
 ggml/src/ggml-hexagon/htp/cmake-toolchain.cmake    |    28 +-
 ggml/src/ggml-hexagon/htp/concat-ops.c             |   277 +
 ggml/src/ggml-hexagon/htp/cpy-ops.c                |   287 +-
 ggml/src/ggml-hexagon/htp/cumsum-ops.c             |    11 +-
 ggml/src/ggml-hexagon/htp/dma-queue.c              |   106 +
 ggml/src/ggml-hexagon/htp/dma-queue.h              |   396 +
 ggml/src/ggml-hexagon/htp/flash-attn-ops.c         |  2154 ++-
 ggml/src/ggml-hexagon/htp/flash-attn-ops.h         |   303 +
 ggml/src/ggml-hexagon/htp/gated-delta-net-ops.c    |   683 +-
 ggml/src/ggml-hexagon/htp/get-rows-ops.c           |   120 +-
 ggml/src/ggml-hexagon/htp/hex-bitmap.h             |    24 +
 ggml/src/ggml-hexagon/htp/hex-common.h             |    80 +
 ggml/src/ggml-hexagon/htp/hex-dma.c                |    63 -
 ggml/src/ggml-hexagon/htp/hex-dma.h                |   374 +-
 ggml/src/ggml-hexagon/htp/hex-profile.h            |    64 +
 ggml/src/ggml-hexagon/htp/hex-utils.h              |   115 +-
 ggml/src/ggml-hexagon/htp/hmx-fa-kernels.h         |   555 +
 ggml/src/ggml-hexagon/htp/hmx-flash-attn-ops.c     |  1841 ---
 ggml/src/ggml-hexagon/htp/hmx-matmul-ops.c         |  1785 --
 ggml/src/ggml-hexagon/htp/hmx-mm-kernels-tiled.h   |  1360 ++
 ggml/src/ggml-hexagon/htp/hmx-ops.h                |    71 -
 ggml/src/ggml-hexagon/htp/hmx-profile.h            |    34 -
 ggml/src/ggml-hexagon/htp/hmx-queue.c              |    68 +-
 ggml/src/ggml-hexagon/htp/hmx-queue.h              |    64 +-
 ggml/src/ggml-hexagon/htp/hmx-utils.h              |    96 +-
 ggml/src/ggml-hexagon/htp/htp-ctx.h                |    43 +-
 ggml/src/ggml-hexagon/htp/htp-ops.h                |    80 +-
 ggml/src/ggml-hexagon/htp/htp-tensor.c             |   204 +
 ggml/src/ggml-hexagon/htp/htp-tensor.h             |    36 +
 ggml/src/ggml-hexagon/htp/htp-vtcm.h               |    19 +
 ggml/src/ggml-hexagon/htp/htp_iface.idl            |     3 +-
 ggml/src/ggml-hexagon/htp/hvx-base.h               |    44 +-
 ggml/src/ggml-hexagon/htp/hvx-exp.h                |    39 +
 ggml/src/ggml-hexagon/htp/hvx-fa-kernels.h         |   232 +
 ggml/src/ggml-hexagon/htp/hvx-flash-attn.h         |    47 +
 ggml/src/ggml-hexagon/htp/hvx-log.h                |    65 +
 ggml/src/ggml-hexagon/htp/hvx-mm-kernels-flat.h    |  1511 ++
 ggml/src/ggml-hexagon/htp/hvx-mm-kernels-tiled.h   |  1200 ++
 ggml/src/ggml-hexagon/htp/hvx-norm.h               |   257 +
 ggml/src/ggml-hexagon/htp/hvx-pow.h                |    42 +
 ggml/src/ggml-hexagon/htp/hvx-sigmoid.h            |    39 +
 ggml/src/ggml-hexagon/htp/hvx-sin-cos.h            |    90 +
 ggml/src/ggml-hexagon/htp/hvx-utils.h              |     5 +
 ggml/src/ggml-hexagon/htp/main.c                   |   811 +-
 ggml/src/ggml-hexagon/htp/matmul-ops.c             |  5850 ++++---
 ggml/src/ggml-hexagon/htp/matmul-ops.h             |   782 +
 ggml/src/ggml-hexagon/htp/pad-ops.c                |   547 +
 ggml/src/ggml-hexagon/htp/rope-ops.c               |   419 +-
 ggml/src/ggml-hexagon/htp/set-rows-ops.c           |     6 +
 ggml/src/ggml-hexagon/htp/ssm-conv.c               |   389 +-
 ggml/src/ggml-hexagon/htp/unary-ops.c              |  1078 +-
 ggml/src/ggml-hexagon/htp/unary-ops.h              |   162 +
 ggml/src/ggml-hexagon/htp/vtcm-utils.h             |    16 -
 ggml/src/ggml-hexagon/htp/work-queue.c             |   244 +
 ggml/src/ggml-hexagon/htp/work-queue.h             |    38 +
 ggml/src/ggml-hexagon/htp/worker-pool.c            |   293 -
 ggml/src/ggml-hexagon/htp/worker-pool.h            |    57 -
 ggml/src/ggml-hexagon/libggml-htp.inf              |     4 -
 ggml/src/ggml-hexagon/op-desc.h                    |   153 -
 ggml/src/ggml-hip/CMakeLists.txt                   |     5 +
 ggml/src/ggml-metal/ggml-metal-device.cpp          |   126 +-
 ggml/src/ggml-metal/ggml-metal-device.h            |    32 +-
 ggml/src/ggml-metal/ggml-metal-device.m            |    98 +-
 ggml/src/ggml-metal/ggml-metal-impl.h              |    46 +
 ggml/src/ggml-metal/ggml-metal-ops.cpp             |   295 +-
 ggml/src/ggml-metal/ggml-metal-ops.h               |     3 +
 ggml/src/ggml-metal/ggml-metal.metal               |  1066 +-
 ggml/src/ggml-opencl/CMakeLists.txt                |    47 +
 ggml/src/ggml-opencl/fa_tune.h                     |    92 +
 ggml/src/ggml-opencl/ggml-opencl.cpp               | 13682 +++++++++++++---
 ggml/src/ggml-opencl/kernels/abs.cl                |   113 +
 ggml/src/ggml-opencl/kernels/concat.cl             |    67 +
 ggml/src/ggml-opencl/kernels/cpy.cl                |    59 +
 ggml/src/ggml-opencl/kernels/cvt.cl                |  1021 ++
 ggml/src/ggml-opencl/kernels/flash_attn_f16.cl     |   122 +-
 ggml/src/ggml-opencl/kernels/flash_attn_f32.cl     |   127 +-
 ggml/src/ggml-opencl/kernels/flash_attn_f32_f16.cl |  2434 ++-
 .../src/ggml-opencl/kernels/flash_attn_f32_q4_0.cl |  1972 +++
 .../src/ggml-opencl/kernels/flash_attn_f32_q8_0.cl |  1795 +++
 ggml/src/ggml-opencl/kernels/flash_attn_pre_f16.cl |   156 +
 ggml/src/ggml-opencl/kernels/gated_delta_net.cl    |   249 +
 .../ggml-opencl/kernels/gemm_moe_mxfp4_f32_ns.cl   |    96 +-
 .../kernels/gemm_moe_mxfp4_q8_1_dp4a.cl            |   190 +
 .../ggml-opencl/kernels/gemm_moe_q4_0_f32_ns.cl    |    86 +-
 .../ggml-opencl/kernels/gemm_moe_q4_0_q8_1_dp4a.cl |   169 +
 .../ggml-opencl/kernels/gemm_moe_q4_1_f32_ns.cl    |    86 +-
 .../ggml-opencl/kernels/gemm_moe_q4_k_f32_ns.cl    |   348 +
 .../ggml-opencl/kernels/gemm_moe_q4_k_q8_1_dp4a.cl |   209 +
 .../ggml-opencl/kernels/gemm_moe_q5_0_f32_ns.cl    |    86 +-
 .../ggml-opencl/kernels/gemm_moe_q5_1_f32_ns.cl    |    86 +-
 .../ggml-opencl/kernels/gemm_moe_q5_k_f32_ns.cl    |   356 +
 .../ggml-opencl/kernels/gemm_moe_q6_k_f32_ns.cl    |   335 +
 .../ggml-opencl/kernels/gemm_moe_q6_k_q8_1_dp4a.cl |   200 +
 .../ggml-opencl/kernels/gemm_moe_q8_0_f32_ns.cl    |   221 +
 ggml/src/ggml-opencl/kernels/gemm_moe_q8_1_dp4a.cl |   226 +
 .../kernels/gemm_noshuffle_iq4_nl_q8_1_dp4a.cl     |   143 +
 .../ggml-opencl/kernels/gemm_noshuffle_q1_0_f32.cl |    94 +
 .../kernels/gemm_noshuffle_q4_0_q8_1_dp4a.cl       |   127 +
 .../ggml-opencl/kernels/gemm_noshuffle_q4_k_f32.cl |    27 +-
 .../kernels/gemm_noshuffle_q4_k_q8_1_dp4a.cl       |   281 +
 .../ggml-opencl/kernels/gemm_noshuffle_q5_0_f32.cl |   131 +
 .../kernels/gemm_noshuffle_q5_0_q8_1_dp4a.cl       |   235 +
 .../ggml-opencl/kernels/gemm_noshuffle_q5_1_f32.cl |   134 +
 .../kernels/gemm_noshuffle_q5_k_q8_1_dp4a.cl       |   164 +
 .../kernels/gemm_noshuffle_q6_k_q8_1_dp4a.cl       |   144 +
 .../kernels/gemm_noshuffle_q8_0_q8_1_dp4a.cl       |   212 +
 .../ggml-opencl/kernels/gemv_moe_mxfp4_f32_ns.cl   |    96 +
 .../ggml-opencl/kernels/gemv_moe_q4_0_f32_ns.cl    |     4 +
 .../ggml-opencl/kernels/gemv_moe_q4_1_f32_ns.cl    |     4 +
 .../ggml-opencl/kernels/gemv_moe_q4_k_f32_ns.cl    |   266 +
 .../ggml-opencl/kernels/gemv_moe_q5_0_f32_ns.cl    |     4 +
 .../ggml-opencl/kernels/gemv_moe_q5_1_f32_ns.cl    |     4 +
 .../ggml-opencl/kernels/gemv_moe_q5_k_f32_ns.cl    |   160 +
 .../ggml-opencl/kernels/gemv_moe_q6_k_f32_ns.cl    |   141 +
 .../kernels/gemv_noshuffle_iq4_nl_f32.cl           |     7 +-
 .../ggml-opencl/kernels/gemv_noshuffle_q1_0_f32.cl |   125 +
 .../ggml-opencl/kernels/gemv_noshuffle_q4_0_f32.cl |     7 +-
 .../kernels/gemv_noshuffle_q4_0_f32_spec.cl        |     6 +-
 .../ggml-opencl/kernels/gemv_noshuffle_q4_1_f32.cl |     7 +-
 .../ggml-opencl/kernels/gemv_noshuffle_q4_k_f32.cl |    26 +-
 .../ggml-opencl/kernels/gemv_noshuffle_q5_0_f32.cl |   296 +
 .../ggml-opencl/kernels/gemv_noshuffle_q5_1_f32.cl |   299 +
 .../ggml-opencl/kernels/gemv_noshuffle_q5_k_f32.cl |     7 +-
 .../ggml-opencl/kernels/gemv_noshuffle_q6_k_f32.cl |     7 +-
 .../ggml-opencl/kernels/gemv_noshuffle_q8_0_f32.cl |     8 +-
 ggml/src/ggml-opencl/kernels/get_rows.cl           |    24 +-
 ggml/src/ggml-opencl/kernels/moe_combine.cl        |    36 +
 .../kernels/moe_reorder_quant_a_q8_1.cl            |    64 +
 .../ggml-opencl/kernels/mul_mm_q1_0_f32_l4_lm.cl   |   156 +
 .../ggml-opencl/kernels/mul_mm_q5_0_f32_l4_lm.cl   |   173 +
 .../ggml-opencl/kernels/mul_mm_q5_1_f32_l4_lm.cl   |   175 +
 ggml/src/ggml-opencl/kernels/mul_mv_f16_f16.cl     |     9 +-
 ggml/src/ggml-opencl/kernels/mul_mv_f16_f32.cl     |     9 +-
 .../src/ggml-opencl/kernels/mul_mv_f16_f32_1row.cl |     9 +-
 ggml/src/ggml-opencl/kernels/mul_mv_f16_f32_l4.cl  |  1153 ++
 ggml/src/ggml-opencl/kernels/mul_mv_q1_0_f32.cl    |   141 +
 .../ggml-opencl/kernels/mul_mv_q1_0_f32_flat.cl    |   190 +
 ggml/src/ggml-opencl/kernels/mul_mv_q4_k_f32.cl    |     2 +
 .../ggml-opencl/kernels/mul_mv_q4_k_f32_flat.cl    |    33 +-
 ggml/src/ggml-opencl/kernels/mul_mv_q5_0_f32.cl    |   241 +
 .../ggml-opencl/kernels/mul_mv_q5_0_f32_flat.cl    |   243 +
 ggml/src/ggml-opencl/kernels/mul_mv_q5_1_f32.cl    |   243 +
 .../ggml-opencl/kernels/mul_mv_q5_1_f32_flat.cl    |   247 +
 .../ggml-opencl/kernels/mul_mv_q5_k_f32_flat.cl    |    65 +-
 .../ggml-opencl/kernels/mul_mv_q6_k_f32_flat.cl    |   112 +-
 ggml/src/ggml-opencl/kernels/norm.cl               |     7 +-
 ggml/src/ggml-opencl/kernels/quant_a_q8_1.cl       |    42 +
 ggml/src/ggml-opencl/kernels/set_rows.cl           |   500 +
 ggml/src/ggml-opencl/libdl.h                       |    79 +
 ggml/src/ggml-openvino/.clang-format               |     5 -
 ggml/src/ggml-openvino/CMakeLists.txt              |     6 +-
 ggml/src/ggml-openvino/ggml-decoder.cpp            |   863 +-
 ggml/src/ggml-openvino/ggml-decoder.h              |    99 +-
 ggml/src/ggml-openvino/ggml-openvino-extra.cpp     |    60 +-
 ggml/src/ggml-openvino/ggml-openvino-extra.h       |    37 +-
 ggml/src/ggml-openvino/ggml-openvino.cpp           |   366 +-
 ggml/src/ggml-openvino/ggml-quants.cpp             |    66 +
 ggml/src/ggml-openvino/ggml-quants.h               |    14 +-
 ggml/src/ggml-openvino/openvino/decoder.h          |    72 +-
 ggml/src/ggml-openvino/openvino/frontend.h         |     2 +-
 ggml/src/ggml-openvino/openvino/input_model.h      |     8 +-
 ggml/src/ggml-openvino/openvino/node_context.h     |   131 +-
 ggml/src/ggml-openvino/openvino/op/add_id.cpp      |    76 +
 ggml/src/ggml-openvino/openvino/op/argsort.cpp     |    47 +
 ggml/src/ggml-openvino/openvino/op/clamp.cpp       |    33 +
 ggml/src/ggml-openvino/openvino/op/concat.cpp      |    48 +
 ggml/src/ggml-openvino/openvino/op/cont.cpp        |    24 +-
 ggml/src/ggml-openvino/openvino/op/cpy.cpp         |    15 +-
 ggml/src/ggml-openvino/openvino/op/div.cpp         |   146 +
 .../ggml-openvino/openvino/op/flash_attn_ext.cpp   |   129 +-
 .../ggml-openvino/openvino/op/gated_delta_net.cpp  |   282 +
 .../ggml-openvino/openvino/op/gated_delta_net.hpp  |    65 +
 ggml/src/ggml-openvino/openvino/op/get_rows.cpp    |    11 +-
 ggml/src/ggml-openvino/openvino/op/glu_geglu.cpp   |    28 +-
 ggml/src/ggml-openvino/openvino/op/glu_swiglu.cpp  |    49 +-
 ggml/src/ggml-openvino/openvino/op/im2col.cpp      |   120 +
 ggml/src/ggml-openvino/openvino/op/l2_norm.cpp     |    44 +
 ggml/src/ggml-openvino/openvino/op/mul_mat_id.cpp  |   226 +
 ggml/src/ggml-openvino/openvino/op/mulmat.cpp      |    28 +-
 ggml/src/ggml-openvino/openvino/op/norm.cpp        |    58 +
 ggml/src/ggml-openvino/openvino/op/pad.cpp         |    95 +
 ggml/src/ggml-openvino/openvino/op/permute.cpp     |    71 +-
 ggml/src/ggml-openvino/openvino/op/repeat.cpp      |    74 +
 ggml/src/ggml-openvino/openvino/op/reshape.cpp     |    19 +-
 ggml/src/ggml-openvino/openvino/op/rms_norm.cpp    |     2 +-
 ggml/src/ggml-openvino/openvino/op/rope.cpp        |   172 +-
 ggml/src/ggml-openvino/openvino/op/set_rows.cpp    |     6 +-
 ggml/src/ggml-openvino/openvino/op/softmax.cpp     |   175 +-
 ggml/src/ggml-openvino/openvino/op/ssm_conv.cpp    |    59 +
 ggml/src/ggml-openvino/openvino/op/sum_rows.cpp    |    27 +
 ggml/src/ggml-openvino/openvino/op/transpose.cpp   |    33 +-
 ggml/src/ggml-openvino/openvino/op/unary_gelu.cpp  |    25 -
 ggml/src/ggml-openvino/openvino/op/unary_silu.cpp  |     2 +-
 .../ggml-openvino/openvino/op/unary_softplus.cpp   |    38 +
 ggml/src/ggml-openvino/openvino/op/view.cpp        |   115 +-
 ggml/src/ggml-openvino/openvino/op_table.cpp       |    64 +-
 ggml/src/ggml-openvino/openvino/op_table.h         |    23 +-
 .../mark_decompression_convert_constant_folding.h  |     2 +-
 .../ggml-openvino/openvino/translate_session.cpp   |    83 +-
 .../src/ggml-openvino/openvino/translate_session.h |     9 +-
 ggml/src/ggml-openvino/openvino/utils.cpp          |   551 +-
 ggml/src/ggml-openvino/openvino/utils.h            |    54 +-
 ggml/src/ggml-openvino/utils.cpp                   |   477 +-
 ggml/src/ggml-openvino/utils.h                     |    19 +-
 ggml/src/ggml-quants.c                             |   404 +-
 ggml/src/ggml-quants.h                             |     3 +
 ggml/src/ggml-rpc/ggml-rpc.cpp                     |    34 +-
 ggml/src/ggml-sycl/CMakeLists.txt                  |    10 +-
 ggml/src/ggml-sycl/backend.hpp                     |     3 +
 ggml/src/ggml-sycl/binbcast.cpp                    |    12 +
 ggml/src/ggml-sycl/col2im-1d.cpp                   |   102 +
 ggml/src/ggml-sycl/col2im-1d.hpp                   |     8 +
 ggml/src/ggml-sycl/common.cpp                      |    14 +-
 ggml/src/ggml-sycl/common.hpp                      |    29 +-
 ggml/src/ggml-sycl/concat.cpp                      |    22 +-
 ggml/src/ggml-sycl/conv2d-dw.cpp                   |   170 +
 ggml/src/ggml-sycl/conv2d-dw.hpp                   |    10 +
 ggml/src/ggml-sycl/conv2d-transpose.cpp            |   125 +
 ggml/src/ggml-sycl/conv2d-transpose.hpp            |    10 +
 ggml/src/ggml-sycl/conv2d.cpp                      |   150 +
 ggml/src/ggml-sycl/conv2d.hpp                      |    10 +
 ggml/src/ggml-sycl/conv3d.cpp                      |   224 +
 ggml/src/ggml-sycl/conv3d.hpp                      |     8 +
 ggml/src/ggml-sycl/convert.cpp                     |    31 +-
 ggml/src/ggml-sycl/cpy.cpp                         |   706 +
 ggml/src/ggml-sycl/cpy.hpp                         |   281 +
 ggml/src/ggml-sycl/cross_entropy_loss.cpp          |   255 +
 ggml/src/ggml-sycl/cross_entropy_loss.hpp          |     7 +
 ggml/src/ggml-sycl/dequantize.hpp                  |   643 +
 ggml/src/ggml-sycl/dmmv.cpp                        |  1116 +-
 ggml/src/ggml-sycl/dpct/helper.hpp                 |    22 +-
 ggml/src/ggml-sycl/element_wise.cpp                |   364 +-
 ggml/src/ggml-sycl/element_wise.hpp                |     4 +
 ggml/src/ggml-sycl/fattn-common.hpp                |     6 +-
 ggml/src/ggml-sycl/fattn-onednn.cpp                |   265 +
 ggml/src/ggml-sycl/fattn-onednn.hpp                |    14 +
 ggml/src/ggml-sycl/fattn-vec.hpp                   |    46 +-
 ggml/src/ggml-sycl/fattn.cpp                       |    15 +-
 ggml/src/ggml-sycl/gated_delta_net.cpp             |    90 +-
 ggml/src/ggml-sycl/getrows.cpp                     |   155 +-
 ggml/src/ggml-sycl/ggml-sycl.cpp                   |  1879 ++-
 ggml/src/ggml-sycl/mmvq.cpp                        |  1377 +-
 ggml/src/ggml-sycl/mmvq.hpp                        |    17 +
 ggml/src/ggml-sycl/norm.cpp                        |   152 +-
 ggml/src/ggml-sycl/outprod.cpp                     |    54 +-
 ggml/src/ggml-sycl/pool.cpp                        |   185 +
 ggml/src/ggml-sycl/pool.hpp                        |    22 +
 ggml/src/ggml-sycl/presets.hpp                     |     4 +-
 ggml/src/ggml-sycl/quants.hpp                      |    25 +
 ggml/src/ggml-sycl/set_rows.cpp                    |    12 +-
 ggml/src/ggml-sycl/softmax.cpp                     |    19 +-
 ggml/src/ggml-sycl/topk-moe.cpp                    |   620 +
 ggml/src/ggml-sycl/topk-moe.hpp                    |    12 +
 ggml/src/ggml-sycl/vecdotq.hpp                     |   153 +-
 ggml/src/ggml-vulkan/CMakeLists.txt                |    28 +
 ggml/src/ggml-vulkan/ggml-vulkan.cpp               |  2809 +++-
 ggml/src/ggml-vulkan/vulkan-shaders/CMakeLists.txt |    12 +
 ggml/src/ggml-vulkan/vulkan-shaders/abs.comp       |    21 -
 ggml/src/ggml-vulkan/vulkan-shaders/ceil.comp      |    22 -
 ggml/src/ggml-vulkan/vulkan-shaders/clamp.comp     |    17 -
 ggml/src/ggml-vulkan/vulkan-shaders/col2im_1d.comp |    61 +
 .../ggml-vulkan/vulkan-shaders/contig_copy.comp    |     8 +-
 ggml/src/ggml-vulkan/vulkan-shaders/conv2d_mm.comp |   159 +-
 ggml/src/ggml-vulkan/vulkan-shaders/conv3d_mm.comp |   431 +
 ggml/src/ggml-vulkan/vulkan-shaders/copy.comp      |     4 +-
 .../ggml-vulkan/vulkan-shaders/copy_to_quant.comp  |    82 +-
 ggml/src/ggml-vulkan/vulkan-shaders/cos.comp       |    17 -
 .../ggml-vulkan/vulkan-shaders/dequant_funcs.glsl  |    76 +-
 .../vulkan-shaders/dequant_funcs_cm2.glsl          |   657 +
 .../ggml-vulkan/vulkan-shaders/dequant_q2_0.comp   |    29 +
 ggml/src/ggml-vulkan/vulkan-shaders/diag.comp      |     6 +-
 .../vulkan-shaders/dot_product_funcs.glsl          |    27 +
 ggml/src/ggml-vulkan/vulkan-shaders/elu.comp       |    27 -
 ggml/src/ggml-vulkan/vulkan-shaders/exp.comp       |    20 -
 .../feature-tests/coopmat2_decode_vector.comp      |     7 +
 .../vulkan-shaders/feature-tests/float_e2m1.comp   |     7 +
 .../vulkan-shaders/feature-tests/float_e4m3.comp   |     7 +
 .../src/ggml-vulkan/vulkan-shaders/flash_attn.comp |     6 +-
 .../vulkan-shaders/flash_attn_base.glsl            |    12 +-
 .../ggml-vulkan/vulkan-shaders/flash_attn_cm1.comp |    99 +-
 .../ggml-vulkan/vulkan-shaders/flash_attn_cm2.comp |    78 +-
 .../vulkan-shaders/flash_attn_dequant.glsl         |     8 +
 ggml/src/ggml-vulkan/vulkan-shaders/floor.comp     |    22 -
 ggml/src/ggml-vulkan/vulkan-shaders/fwht.comp      |   115 +
 .../vulkan-shaders/gated_delta_net.comp            |    28 +-
 ggml/src/ggml-vulkan/vulkan-shaders/gelu.comp      |    25 -
 ggml/src/ggml-vulkan/vulkan-shaders/gelu_erf.comp  |    39 -
 .../src/ggml-vulkan/vulkan-shaders/gelu_quick.comp |    23 -
 .../vulkan-shaders/generic_unary_head.glsl         |    40 +-
 .../ggml-vulkan/vulkan-shaders/get_rows_back.comp  |    25 +
 ggml/src/ggml-vulkan/vulkan-shaders/glu_head.glsl  |    27 +-
 ggml/src/ggml-vulkan/vulkan-shaders/glu_main.glsl  |    32 +-
 .../ggml-vulkan/vulkan-shaders/hardsigmoid.comp    |    22 -
 ggml/src/ggml-vulkan/vulkan-shaders/hardswish.comp |    22 -
 ggml/src/ggml-vulkan/vulkan-shaders/im2col.comp    |    73 +-
 ggml/src/ggml-vulkan/vulkan-shaders/l2_norm.comp   |    11 +-
 .../src/ggml-vulkan/vulkan-shaders/leaky_relu.comp |    22 -
 .../ggml-vulkan/vulkan-shaders/mul_mat_vec.comp    |   149 +-
 .../ggml-vulkan/vulkan-shaders/mul_mat_vecq.comp   |    52 +-
 .../vulkan-shaders/mul_mat_vecq_funcs.glsl         |   149 +-
 ggml/src/ggml-vulkan/vulkan-shaders/mul_mm.comp    |    66 +-
 .../src/ggml-vulkan/vulkan-shaders/mul_mm_cm2.comp |    64 +-
 .../ggml-vulkan/vulkan-shaders/mul_mm_funcs.glsl   |   181 +-
 .../ggml-vulkan/vulkan-shaders/mul_mmq_funcs.glsl  |    34 +
 .../vulkan-shaders/mul_mmq_shmem_types.glsl        |     6 +
 ggml/src/ggml-vulkan/vulkan-shaders/neg.comp       |    20 -
 ggml/src/ggml-vulkan/vulkan-shaders/norm.comp      |    20 +-
 ggml/src/ggml-vulkan/vulkan-shaders/out_prod.comp  |    59 +
 ggml/src/ggml-vulkan/vulkan-shaders/relu.comp      |    21 -
 .../ggml-vulkan/vulkan-shaders/repeat_back.comp    |     6 +-
 ggml/src/ggml-vulkan/vulkan-shaders/roll.comp      |     6 +-
 .../src/ggml-vulkan/vulkan-shaders/rope_funcs.glsl |     7 +-
 .../ggml-vulkan/vulkan-shaders/rope_params.glsl    |     3 +
 ggml/src/ggml-vulkan/vulkan-shaders/round.comp     |    29 -
 ggml/src/ggml-vulkan/vulkan-shaders/sgn.comp       |    21 -
 ggml/src/ggml-vulkan/vulkan-shaders/sigmoid.comp   |    20 -
 ggml/src/ggml-vulkan/vulkan-shaders/silu.comp      |    22 -
 ggml/src/ggml-vulkan/vulkan-shaders/sin.comp       |    17 -
 ggml/src/ggml-vulkan/vulkan-shaders/snake.comp     |    49 +
 ggml/src/ggml-vulkan/vulkan-shaders/softplus.comp  |    23 -
 ggml/src/ggml-vulkan/vulkan-shaders/sqrt.comp      |    17 -
 ggml/src/ggml-vulkan/vulkan-shaders/square.comp    |    17 -
 ggml/src/ggml-vulkan/vulkan-shaders/ssm_conv.comp  |    12 +-
 ggml/src/ggml-vulkan/vulkan-shaders/step.comp      |    22 -
 ggml/src/ggml-vulkan/vulkan-shaders/tanh.comp      |    20 -
 ggml/src/ggml-vulkan/vulkan-shaders/tri.comp       |     6 +-
 ggml/src/ggml-vulkan/vulkan-shaders/trunc.comp     |    22 -
 ggml/src/ggml-vulkan/vulkan-shaders/types.glsl     |    72 +-
 ggml/src/ggml-vulkan/vulkan-shaders/unary.comp     |   168 +
 .../vulkan-shaders/vulkan-shaders-gen.cpp          |   335 +-
 ggml/src/ggml-vulkan/vulkan-shaders/xielu.comp     |    35 -
 ggml/src/ggml-webgpu/CMakeLists.txt                |     7 +-
 ggml/src/ggml-webgpu/ggml-webgpu-shader-lib.hpp    |   977 +-
 ggml/src/ggml-webgpu/ggml-webgpu.cpp               |   865 +-
 ggml/src/ggml-webgpu/pre_wgsl.hpp                  |    44 +-
 ggml/src/ggml-webgpu/wgsl-shaders/binary.wgsl      |    13 +-
 .../src/ggml-webgpu/wgsl-shaders/common_decls.tmpl |    21 +-
 ggml/src/ggml-webgpu/wgsl-shaders/concat.wgsl      |    20 +-
 ggml/src/ggml-webgpu/wgsl-shaders/cpy.wgsl         |     5 +-
 ggml/src/ggml-webgpu/wgsl-shaders/flash_attn.wgsl  |   271 +-
 .../wgsl-shaders/flash_attn_quant_staging.tmpl     |   124 +
 .../ggml-webgpu/wgsl-shaders/flash_attn_tile.wgsl  |   142 +-
 .../wgsl-shaders/flash_attn_vec_split.wgsl         |   261 +-
 .../ggml-webgpu/wgsl-shaders/gated_delta_net.wgsl  |    25 +-
 ggml/src/ggml-webgpu/wgsl-shaders/get_rows.wgsl    |    21 +
 ggml/src/ggml-webgpu/wgsl-shaders/mul_mat.wgsl     |   747 -
 .../ggml-webgpu/wgsl-shaders/mul_mat_decls.tmpl    |  1471 +-
 .../wgsl-shaders/mul_mat_id_gather.wgsl            |    43 +-
 .../ggml-webgpu/wgsl-shaders/mul_mat_id_vec.wgsl   |     4 +-
 ggml/src/ggml-webgpu/wgsl-shaders/mul_mat_vec.wgsl |   104 +-
 .../ggml-webgpu/wgsl-shaders/mul_mat_vec_acc.tmpl  |  1052 +-
 .../wgsl-shaders/mul_mat_vec_q_acc.tmpl            |   297 +
 .../wgsl-shaders/quant_inner_loops.tmpl            |    21 +
 ggml/src/ggml-webgpu/wgsl-shaders/quantize_q8.wgsl |   178 +
 ggml/src/ggml-webgpu/wgsl-shaders/scale.wgsl       |    10 +-
 ggml/src/ggml-webgpu/wgsl-shaders/set_rows.wgsl    |     5 +-
 .../ggml-webgpu/wgsl-shaders/set_rows_quant.wgsl   |   224 +
 ggml/src/ggml-webgpu/wgsl-shaders/unary.wgsl       |    11 +-
 ggml/src/ggml-zendnn/CMakeLists.txt                |     2 +-
 ggml/src/ggml-zendnn/ggml-zendnn.cpp               |    66 +-
 ggml/src/ggml.c                                    |   316 +-
 ggml/src/gguf.cpp                                  |   187 +-
 gguf-py/gguf/constants.py                          |   478 +-
 gguf-py/gguf/gguf_writer.py                        |    71 +
 gguf-py/gguf/quants.py                             |     1 +
 gguf-py/gguf/tensor_mapping.py                     |   181 +-
 gguf-py/gguf/vocab.py                              |    42 +
 gguf-py/pyproject.toml                             |     2 +-
 grammars/README.md                                 |     2 +-
 include/llama.h                                    |    46 +-
 models/templates/Cohere2MoE.jinja                  |   263 +
 models/templates/LFM2.5-8B-A1B.jinja               |   115 +
 models/templates/deepseek-ai-DeepSeek-V4.jinja     |   112 +
 models/templates/ibm-granite-granite-4.1.jinja     |   114 +
 models/templates/openbmb-MiniCPM5-1B.jinja         |   179 +
 models/templates/stepfun-ai-Step-3.5-Flash.jinja   |    80 -
 models/templates/tencent-Hy3.jinja                 |   222 +
 pyproject.toml                                     |    23 +-
 requirements/requirements-convert_hf_to_gguf.txt   |     4 +-
 requirements/requirements-convert_legacy_llama.txt |     2 +-
 requirements/requirements-server-bench.txt         |     2 +-
 requirements/requirements-tool_bench.txt           |     1 -
 scripts/server-bench.py                            |     2 +-
 scripts/snapdragon/adb/run-bench.sh                |     2 +-
 scripts/snapdragon/adb/run-cli.sh                  |     2 +-
 scripts/snapdragon/adb/run-completion.sh           |    18 +-
 scripts/snapdragon/adb/run-mtmd.sh                 |     2 +-
 scripts/snapdragon/adb/run-tool.sh                 |    20 +-
 scripts/snapdragon/ggml-hexagon-profile.py         |   351 +-
 scripts/snapdragon/ggml-hexagon-trace.py           |   499 +
 scripts/snapdragon/qdc/run_qdc_jobs.py             |   455 +-
 scripts/snapdragon/qdc/tests/linux/run_linux.sh    |   232 +
 .../snapdragon/qdc/tests/run_backend_ops_posix.py  |    28 +-
 .../snapdragon/qdc/tests/run_bench_tests_posix.py  |    89 +-
 scripts/snapdragon/qdc/tests/utils.py              |   112 +-
 scripts/snapdragon/windows/run-bench.ps1           |     2 +-
 scripts/snapdragon/windows/run-cli.ps1             |     2 +-
 scripts/snapdragon/windows/run-completion.ps1      |     2 +-
 scripts/snapdragon/windows/run-mtmd.ps1            |     2 +-
 scripts/snapdragon/windows/setup-build.ps1         |     6 +-
 scripts/sync-ggml.last                             |     2 +-
 scripts/sync_vendor.py                             |     2 +-
 scripts/ui-assets.cmake                            |   367 +
 scripts/wc2wt.sh                                   |     2 +-
 scripts/webui-download.cmake                       |   222 -
 scripts/xxd.cmake                                  |    16 -
 src/CMakeLists.txt                                 |     2 +
 src/llama-adapter.cpp                              |     8 +-
 src/llama-arch.cpp                                 |   191 +-
 src/llama-arch.h                                   |    59 +
 src/llama-batch.cpp                                |    76 +-
 src/llama-batch.h                                  |     3 +-
 src/llama-chat.cpp                                 |    28 +-
 src/llama-chat.h                                   |     3 +-
 src/llama-context.cpp                              |   662 +-
 src/llama-context.h                                |    28 +-
 src/llama-cparams.h                                |    20 +-
 src/llama-ext.h                                    |    36 +
 src/llama-graph.cpp                                |   931 +-
 src/llama-graph.h                                  |   245 +-
 src/llama-hparams.cpp                              |    86 +-
 src/llama-hparams.h                                |    84 +-
 src/llama-impl.h                                   |    38 +-
 src/llama-kv-cache-dsa.cpp                         |   261 +
 src/llama-kv-cache-dsa.h                           |   138 +
 src/llama-kv-cache-dsv4.cpp                        |  1978 +++
 src/llama-kv-cache-dsv4.h                          |   381 +
 src/llama-kv-cache-iswa.cpp                        |    45 +-
 src/llama-kv-cache-iswa.h                          |    24 +-
 src/llama-kv-cache.cpp                             |   272 +-
 src/llama-kv-cache.h                               |    18 +-
 src/llama-kv-cells.h                               |     2 +
 src/llama-memory-hybrid-iswa.cpp                   |    16 +-
 src/llama-memory-hybrid-iswa.h                     |     1 +
 src/llama-memory-hybrid.cpp                        |    17 +-
 src/llama-memory-hybrid.h                          |     1 +
 src/llama-memory-recurrent.cpp                     |   132 +-
 src/llama-memory-recurrent.h                       |     9 +
 src/llama-memory.h                                 |     7 +
 src/llama-model-loader.cpp                         |   126 +-
 src/llama-model-loader.h                           |     2 +-
 src/llama-model-saver.cpp                          |    19 +-
 src/llama-model.cpp                                |   526 +-
 src/llama-model.h                                  |    72 +-
 src/llama-quant.cpp                                |    19 +-
 src/llama-sampler.cpp                              |     2 -
 src/llama-vocab.cpp                                |   276 +-
 src/llama-vocab.h                                  |   117 +-
 src/llama.cpp                                      |    11 +-
 src/models/afmoe.cpp                               |     4 +-
 src/models/apertus.cpp                             |    13 +-
 src/models/arcee.cpp                               |     4 +-
 src/models/arctic.cpp                              |     4 +-
 src/models/arwkv7.cpp                              |     4 +-
 src/models/baichuan.cpp                            |     4 +-
 src/models/bailingmoe.cpp                          |     4 +-
 src/models/bailingmoe2.cpp                         |    23 +-
 src/models/bert.cpp                                |     4 +-
 src/models/bitnet.cpp                              |     2 +-
 src/models/bloom.cpp                               |     4 +-
 src/models/chameleon.cpp                           |     4 +-
 src/models/chatglm.cpp                             |     5 +-
 src/models/codeshell.cpp                           |     5 +-
 src/models/cogvlm.cpp                              |     5 +-
 src/models/cohere2.cpp                             |    12 +-
 src/models/cohere2moe.cpp                          |   443 +
 src/models/command-r.cpp                           |     5 +-
 src/models/dbrx.cpp                                |    14 +-
 src/models/deci.cpp                                |     5 +-
 src/models/deepseek.cpp                            |     2 +-
 src/models/deepseek2.cpp                           |    11 +-
 src/models/deepseek2ocr.cpp                        |     2 +-
 src/models/deepseek32.cpp                          |   506 +
 src/models/deepseek4.cpp                           |  1199 ++
 src/models/delta-net-base.cpp                      |   167 +-
 src/models/dflash.cpp                              |   293 +
 src/models/dots1.cpp                               |     5 +-
 src/models/dream.cpp                               |     5 +-
 src/models/eagle3.cpp                              |   323 +
 src/models/ernie4-5-moe.cpp                        |     2 +-
 src/models/ernie4-5.cpp                            |     4 +-
 src/models/eurobert.cpp                            |     2 +-
 src/models/exaone-moe.cpp                          |    24 +-
 src/models/exaone.cpp                              |     4 +-
 src/models/exaone4.cpp                             |    47 +-
 src/models/falcon-h1.cpp                           |     6 +-
 src/models/falcon.cpp                              |     4 +-
 src/models/gemma-embedding.cpp                     |     2 +-
 src/models/gemma.cpp                               |     4 +-
 src/models/gemma2.cpp                              |     4 +-
 src/models/gemma3.cpp                              |     4 +-
 src/models/gemma3n.cpp                             |     8 +-
 src/models/gemma4-assistant.cpp                    |   203 +
 src/models/gemma4.cpp                              |    63 +-
 src/models/glm-dsa.cpp                             |    27 +-
 src/models/glm4-moe.cpp                            |    26 +-
 src/models/glm4.cpp                                |    22 +-
 src/models/gpt2.cpp                                |     5 +-
 src/models/gptneox.cpp                             |     5 +-
 src/models/granite-hybrid.cpp                      |    10 +-
 src/models/granite-moe.cpp                         |     2 +-
 src/models/granite.cpp                             |    41 +-
 src/models/grok.cpp                                |     4 +-
 src/models/grovemoe.cpp                            |     4 +-
 src/models/hunyuan-moe.cpp                         |     4 +-
 src/models/hunyuan-vl.cpp                          |     2 +-
 src/models/hy-v3.cpp                               |   390 +
 src/models/internlm2.cpp                           |     5 +-
 src/models/jais.cpp                                |     4 +-
 src/models/jais2.cpp                               |     4 +-
 src/models/jamba.cpp                               |     8 +-
 src/models/jina-bert-v2.cpp                        |     2 +-
 src/models/jina-bert-v3.cpp                        |     2 +-
 src/models/kimi-linear.cpp                         |    10 +-
 src/models/lfm2.cpp                                |    39 +-
 src/models/lfm2moe.cpp                             |     8 +-
 src/models/llada-moe.cpp                           |     7 +-
 src/models/llada.cpp                               |     6 +-
 src/models/llama.cpp                               |     8 +-
 src/models/llama4.cpp                              |     7 +-
 src/models/maincoder.cpp                           |     5 +-
 src/models/mamba-base.cpp                          |     1 -
 src/models/mamba.cpp                               |     4 +-
 src/models/mamba2.cpp                              |    15 +-
 src/models/mellum.cpp                              |   225 +
 src/models/mimo2.cpp                               |    25 +-
 src/models/minicpm.cpp                             |     4 +-
 src/models/minicpm3.cpp                            |     4 +-
 src/models/minimax-m2.cpp                          |     6 +-
 src/models/mistral3.cpp                            |    16 +-
 src/models/models.h                                |   268 +-
 src/models/modern-bert.cpp                         |    13 +-
 src/models/mpt.cpp                                 |     4 +-
 src/models/nemotron-h.cpp                          |    12 +-
 src/models/nemotron.cpp                            |     5 +-
 src/models/neo-bert.cpp                            |     2 +-
 src/models/nomic-bert-moe.cpp                      |     2 +-
 src/models/nomic-bert.cpp                          |     2 +-
 src/models/olmo.cpp                                |     4 +-
 src/models/olmo2.cpp                               |     4 +-
 src/models/olmoe.cpp                               |     5 +-
 src/models/openai-moe.cpp                          |     6 +-
 src/models/openelm.cpp                             |    14 +-
 src/models/orion.cpp                               |     4 +-
 src/models/paddleocr.cpp                           |     2 +-
 src/models/pangu-embed.cpp                         |     5 +-
 src/models/phi2.cpp                                |     4 +-
 src/models/phi3.cpp                                |     4 +-
 src/models/phimoe.cpp                              |     2 +-
 src/models/plamo.cpp                               |     4 +-
 src/models/plamo2.cpp                              |    18 +-
 src/models/plamo3.cpp                              |     4 +-
 src/models/plm.cpp                                 |     5 +-
 src/models/qwen.cpp                                |     4 +-
 src/models/qwen2.cpp                               |     5 +-
 src/models/qwen2moe.cpp                            |     5 +-
 src/models/qwen2vl.cpp                             |     2 +-
 src/models/qwen3.cpp                               |     7 +-
 src/models/qwen35.cpp                              |   337 +-
 src/models/qwen35moe.cpp                           |   388 +-
 src/models/qwen3moe.cpp                            |    10 +-
 src/models/qwen3next.cpp                           |    60 +-
 src/models/qwen3vl.cpp                             |     5 +-
 src/models/qwen3vlmoe.cpp                          |     5 +-
 src/models/refact.cpp                              |     5 +-
 src/models/rnd1.cpp                                |     7 +-
 src/models/rwkv6.cpp                               |     4 +-
 src/models/rwkv6qwen2.cpp                          |     4 +-
 src/models/rwkv7.cpp                               |     4 +-
 src/models/seed-oss.cpp                            |     5 +-
 src/models/smallthinker.cpp                        |     6 +-
 src/models/smollm3.cpp                             |     4 +-
 src/models/stablelm.cpp                            |     4 +-
 src/models/starcoder.cpp                           |     5 +-
 src/models/starcoder2.cpp                          |     5 +-
 src/models/step35.cpp                              |   315 +-
 src/models/t5.cpp                                  |     6 +-
 src/models/talkie.cpp                              |   149 +
 src/models/wavtokenizer-dec.cpp                    |     2 +-
 src/models/xverse.cpp                              |     5 +-
 tests/CMakeLists.txt                               |    49 +-
 tests/gguf-model-data.cpp                          |    18 +-
 tests/peg-parser/test-gbnf-generation.cpp          |   149 +-
 tests/test-alloc.cpp                               |    10 +-
 tests/test-arg-parser.cpp                          |    12 +-
 tests/test-backend-ops.cpp                         |  1179 +-
 tests/test-backend-sampler.cpp                     |     2 -
 tests/test-batch-alloc.cpp                         |   674 +
 tests/test-chat-auto-parser.cpp                    |   136 +-
 tests/test-chat-template.cpp                       |    32 +-
 tests/test-chat.cpp                                |  1749 +-
 tests/test-col2im-1d.cpp                           |   159 +
 ...ort-graph-ops.cpp => test-export-graph-ops.cpp} |     6 +-
 tests/test-gguf.cpp                                |   104 +-
 tests/test-jinja.cpp                               |   118 +-
 tests/test-json-partial.cpp                        |   287 -
 tests/test-json-schema-to-grammar.cpp              |   310 +-
 tests/test-llama-archs.cpp                         |    63 +-
 tests/test-mtmd-c-api.c                            |     6 +
 tests/test-quantize-fns.cpp                        |    90 +-
 tests/test-reasoning-budget.cpp                    |   136 +-
 tests/test-recurrent-state-rollback.cpp            |   190 +
 tests/test-regex-partial.cpp                       |   288 -
 tests/test-sampling.cpp                            |     4 +-
 tests/test-save-load-state.cpp                     |   440 +
 tests/test-thread-safety.cpp                       |     2 +
 tools/CMakeLists.txt                               |     5 +-
 tools/batched-bench/CMakeLists.txt                 |    21 +-
 tools/batched-bench/batched-bench.cpp              |     5 +-
 tools/batched-bench/main.cpp                       |     5 +
 tools/cli/CMakeLists.txt                           |    25 +-
 tools/cli/README.md                                |    33 +-
 tools/cli/cli-client.cpp                           |   130 +
 tools/cli/cli-client.h                             |    33 +
 tools/cli/cli-context.cpp                          |   674 +
 tools/cli/cli-context.h                            |    76 +
 tools/cli/cli-server.h                             |    89 +
 tools/cli/cli-ui.h                                 |   251 +
 tools/cli/cli.cpp                                  |   611 +-
 tools/cli/main.cpp                                 |     5 +
 tools/completion/CMakeLists.txt                    |    21 +-
 tools/completion/README.md                         |    18 +-
 tools/completion/completion.cpp                    |    41 +-
 tools/completion/main.cpp                          |     5 +
 tools/export-lora/README.md                        |    14 +-
 tools/fit-params/CMakeLists.txt                    |    21 +-
 tools/fit-params/fit-params.cpp                    |     7 +-
 tools/fit-params/main.cpp                          |     5 +
 tools/imatrix/imatrix.cpp                          |   242 +-
 tools/llama-bench/CMakeLists.txt                   |    21 +-
 tools/llama-bench/README.md                        |   105 +-
 tools/llama-bench/llama-bench.cpp                  |    89 +-
 tools/llama-bench/main.cpp                         |     5 +
 tools/mtmd/CMakeLists.txt                          |    56 +-
 tools/mtmd/README-dev.md                           |    35 +
 tools/mtmd/clip-graph.h                            |    25 +-
 tools/mtmd/clip-impl.h                             |   380 +-
 tools/mtmd/clip-model.h                            |    76 +-
 tools/mtmd/clip.cpp                                |  1171 +-
 tools/mtmd/clip.h                                  |    78 +-
 tools/mtmd/debug/mtmd-debug.cpp                    |    61 +
 tools/mtmd/debug/mtmd-debug.md                     |    37 +
 tools/mtmd/models/conformer.cpp                    |     2 +-
 tools/mtmd/models/deepseekocr.cpp                  |   383 +-
 tools/mtmd/models/deepseekocr2.cpp                 |    81 +
 tools/mtmd/models/exaone4_5.cpp                    |   170 +
 tools/mtmd/models/gemma4ua.cpp                     |    19 +
 tools/mtmd/models/gemma4uv.cpp                     |    71 +
 tools/mtmd/models/gemma4v.cpp                      |    32 +-
 tools/mtmd/models/glm4v.cpp                        |     4 +-
 tools/mtmd/models/granite-speech.cpp               |    48 +-
 tools/mtmd/models/granite4-vision.cpp              |   339 +
 .../mtmd/models/{hunyuanocr.cpp => hunyuanvl.cpp}  |    22 +-
 tools/mtmd/models/internvl.cpp                     |    18 +-
 tools/mtmd/models/kimik25.cpp                      |     4 +-
 tools/mtmd/models/llava.cpp                        |     7 +-
 tools/mtmd/models/mimovl.cpp                       |     4 +-
 tools/mtmd/models/models.h                         |    56 +-
 tools/mtmd/models/pixtral.cpp                      |     4 +-
 tools/mtmd/models/qwen2vl.cpp                      |    38 +-
 tools/mtmd/models/qwen3a.cpp                       |   104 +-
 tools/mtmd/models/qwen3vl.cpp                      |    11 +-
 tools/mtmd/models/whisper-enc.cpp                  |     2 +-
 tools/mtmd/mtmd-audio.cpp                          |   263 +-
 tools/mtmd/mtmd-audio.h                            |    29 +-
 tools/mtmd/mtmd-cli.cpp                            |   142 +-
 tools/mtmd/mtmd-helper.cpp                         |   565 +-
 tools/mtmd/mtmd-helper.h                           |    95 +-
 tools/mtmd/mtmd-image.cpp                          |   710 +-
 tools/mtmd/mtmd-image.h                            |    77 +-
 tools/mtmd/mtmd.cpp                                |  1038 +-
 tools/mtmd/mtmd.h                                  |    96 +-
 tools/mtmd/requirements.txt                        |    11 +-
 tools/mtmd/test-3.mp4                              |   Bin 0 -> 661813 bytes
 tools/mtmd/tests.sh                                |    53 +-
 tools/mtmd/tests/test-1-extracted.md               |    85 -
 tools/mtmd/tests/test-1-extracted.txt              |    42 -
 tools/mtmd/tests/test-1-ground-truth.txt           |    24 +
 tools/mtmd/tests/test-1-positive.png               |   Bin 0 -> 230412 bytes
 tools/mtmd/tests/test-deepseek-ocr.py              |   479 +-
 tools/mtmd/tests/tests-requirements.txt            |     8 +-
 tools/parser/debug-template-parser.cpp             |     6 +-
 tools/perplexity/CMakeLists.txt                    |    21 +-
 tools/perplexity/main.cpp                          |     5 +
 tools/perplexity/perplexity.cpp                    |    19 +-
 tools/quantize/CMakeLists.txt                      |    22 +-
 tools/quantize/README.md                           |    89 +-
 tools/quantize/main.cpp                            |     5 +
 tools/quantize/quantize.cpp                        |   225 +-
 tools/rpc/CMakeLists.txt                           |     2 +-
 tools/rpc/README.md                                |    34 +-
 tools/server/CMakeLists.txt                        |   148 +-
 tools/server/README-dev.md                         |   114 +-
 tools/server/README.md                             |   301 +-
 tools/server/bench/bench.py                        |     3 +
 tools/server/bench/speed-bench/README.md           |   117 +
 tools/server/bench/speed-bench/requirements.txt    |     3 +
 tools/server/bench/speed-bench/speed_bench.py      |   432 +
 .../bench/speed-bench/speed_bench_compare.py       |    84 +
 tools/server/chat-llama2.sh                        |   109 -
 tools/server/chat.mjs                              |   131 -
 tools/server/chat.sh                               |    80 -
 tools/server/main.cpp                              |     5 +
 tools/server/server-chat.cpp                       |    79 +-
 tools/server/server-common.cpp                     |   299 +-
 tools/server/server-common.h                       |    25 +-
 tools/server/server-context.cpp                    |  2087 ++-
 tools/server/server-context.h                      |    40 +-
 tools/server/server-cors-proxy.h                   |    24 +-
 tools/server/server-http.cpp                       |   315 +-
 tools/server/server-http.h                         |    12 +-
 tools/server/server-models.cpp                     |  1054 +-
 tools/server/server-models.h                       |   192 +-
 tools/server/server-queue.cpp                      |    13 +-
 tools/server/server-queue.h                        |     6 +-
 tools/server/server-schema.cpp                     |   649 +
 tools/server/server-schema.h                       |   105 +
 tools/server/server-stream.cpp                     |   661 +
 tools/server/server-stream.h                       |    73 +
 tools/server/server-task.cpp                       |   520 +-
 tools/server/server-task.h                         |   105 +-
 tools/server/server-tools.cpp                      |  1096 +-
 tools/server/server-tools.h                        |    23 +-
 tools/server/server.cpp                            |   250 +-
 tools/server/tests/requirements.txt                |     1 -
 tools/server/tests/unit/test_basic.py              |     8 +-
 tools/server/tests/unit/test_chat_completion.py    |    62 +-
 tools/server/tests/unit/test_compat_anthropic.py   |    59 +
 .../server/tests/unit/test_compat_oai_responses.py |    41 +
 tools/server/tests/unit/test_proxy.py              |     8 +-
 tools/server/tests/unit/test_router.py             |   136 +
 tools/server/tests/unit/test_security.py           |   113 +-
 tools/server/tests/unit/test_slot_save.py          |   126 +
 tools/server/tests/unit/test_speculative.py        |    11 +-
 tools/server/tests/unit/test_tools_builtin.py      |   143 +
 tools/server/tests/unit/test_vision_api.py         |    19 +
 tools/server/tests/utils.py                        |    33 +-
 tools/server/webui/.npmrc                          |     1 -
 tools/server/webui/package.json                    |    96 -
 tools/server/webui/playwright.config.ts            |    11 -
 tools/server/webui/scripts/install-git-hooks.sh    |    78 -
 tools/server/webui/scripts/post-build.sh           |     3 -
 .../webui/scripts/vite-plugin-llama-cpp-build.ts   |    84 -
 tools/server/webui/src/app.html                    |    12 -
 .../lib/components/app/actions/ActionIcon.svelte   |    60 -
 .../ChatFormActionAddDropdown.svelte               |   168 -
 .../ChatFormActionAddSheet.svelte                  |   182 -
 .../ChatMessageAssistant.svelte                    |   390 -
 .../ChatMessageUser/ChatMessageUser.svelte         |    83 -
 .../ChatMessages/ChatMessageAgenticContent.svelte  |   413 -
 .../app/chat/ChatScreen/ChatScreen.svelte          |   482 -
 .../ChatScreen/ChatScreenProcessingInfo.svelte     |   120 -
 .../app/content/CollapsibleContentBlock.svelte     |    98 -
 .../plugins/rehype/enhance-code-blocks.ts          |   171 -
 .../app/content/SyntaxHighlightedCode.svelte       |    96 -
 .../app/dialogs/DialogMcpServerAddNew.svelte       |    88 -
 .../lib/components/app/mcp/McpServerForm.svelte    |   110 -
 .../app/navigation/DesktopIconStrip.svelte         |    84 -
 .../SidebarNavigation/SidebarNavigation.svelte     |   297 -
 .../SidebarNavigationActions.svelte                |    96 -
 .../SettingsChat/SettingsChatFields.svelte         |   265 -
 .../app/settings/SettingsMcpServers.svelte         |   108 -
 .../src/lib/components/ui/sidebar/constants.ts     |     7 -
 .../lib/components/ui/sidebar/context.svelte.ts    |    81 -
 .../webui/src/lib/components/ui/sidebar/index.ts   |    75 -
 .../ui/sidebar/sidebar-group-action.svelte         |    36 -
 .../ui/sidebar/sidebar-group-label.svelte          |    34 -
 .../lib/components/ui/sidebar/sidebar-input.svelte |    21 -
 .../lib/components/ui/sidebar/sidebar-inset.svelte |    24 -
 .../ui/sidebar/sidebar-menu-action.svelte          |    43 -
 .../ui/sidebar/sidebar-menu-badge.svelte           |    29 -
 .../ui/sidebar/sidebar-menu-button.svelte          |   106 -
 .../components/ui/sidebar/sidebar-menu-item.svelte |    21 -
 .../ui/sidebar/sidebar-menu-skeleton.svelte        |    36 -
 .../ui/sidebar/sidebar-menu-sub-button.svelte      |    43 -
 .../ui/sidebar/sidebar-menu-sub-item.svelte        |    21 -
 .../components/ui/sidebar/sidebar-menu-sub.svelte  |    25 -
 .../lib/components/ui/sidebar/sidebar-menu.svelte  |    21 -
 .../components/ui/sidebar/sidebar-provider.svelte  |    51 -
 .../lib/components/ui/sidebar/sidebar-rail.svelte  |    36 -
 .../components/ui/sidebar/sidebar-separator.svelte |    19 -
 .../components/ui/sidebar/sidebar-trigger.svelte   |    43 -
 .../src/lib/components/ui/sidebar/sidebar.svelte   |   150 -
 .../webui/src/lib/constants/api-endpoints.ts       |    13 -
 .../server/webui/src/lib/constants/auto-scroll.ts  |     2 -
 tools/server/webui/src/lib/constants/code.ts       |     7 -
 tools/server/webui/src/lib/constants/icons.ts      |    32 -
 .../webui/src/lib/constants/localstorage-keys.ts   |     6 -
 tools/server/webui/src/lib/constants/tools.ts      |    11 -
 .../src/lib/contexts/processing-info.context.ts    |    16 -
 tools/server/webui/src/lib/enums/agentic.ts        |    18 -
 tools/server/webui/src/lib/enums/tools.ts          |    17 -
 .../server/webui/src/lib/hooks/is-mobile.svelte.ts |     8 -
 .../server/webui/src/lib/services/tools.service.ts |    40 -
 tools/server/webui/src/lib/stores/tools.svelte.ts  |   422 -
 tools/server/webui/src/lib/utils/agentic.ts        |   227 -
 tools/server/webui/src/lib/utils/url.ts            |    72 -
 tools/server/webui/src/routes/+layout.svelte       |   269 -
 tools/server/webui/static/favicon.svg              |     1 -
 tools/server/webui/static/loading.html             |    12 -
 tools/server/webui/tests/e2e/demo.test.ts          |     6 -
 tools/server/webui/vitest-setup-client.ts          |     2 -
 tools/tokenize/tokenize.cpp                        |   321 +-
 tools/ui/.env.example                              |     3 +
 tools/{server/webui => ui}/.gitignore              |    12 +-
 tools/ui/.npmrc                                    |     2 +
 tools/{server/webui => ui}/.prettierignore         |     9 +
 tools/{server/webui => ui}/.prettierrc             |     0
 .../decorators/ModeWatcherDecorator.svelte         |     0
 .../decorators/TooltipProviderDecorator.svelte     |     0
 tools/{server/webui => ui}/.storybook/main.ts      |     0
 tools/{server/webui => ui}/.storybook/preview.ts   |     0
 .../webui => ui}/.storybook/vitest.setup.ts        |     0
 tools/ui/CMakeLists.txt                            |   107 +
 tools/{server/webui => ui}/README.md               |    47 +-
 tools/{server/webui => ui}/components.json         |     0
 .../high-level-architecture-simplified.md          |     0
 .../docs/architecture/high-level-architecture.md   |     0
 tools/{server/webui => ui}/docs/flows/chat-flow.md |     0
 .../webui => ui}/docs/flows/conversations-flow.md  |     0
 .../docs/flows/data-flow-simplified-model-mode.md  |     0
 .../docs/flows/data-flow-simplified-router-mode.md |     0
 .../webui => ui}/docs/flows/database-flow.md       |     0
 tools/{server/webui => ui}/docs/flows/mcp-flow.md  |     0
 .../{server/webui => ui}/docs/flows/models-flow.md |     0
 .../{server/webui => ui}/docs/flows/server-flow.md |     0
 .../webui => ui}/docs/flows/settings-flow.md       |     4 +-
 tools/ui/embed.cpp                                 |   306 +
 tools/{server/webui => ui}/eslint.config.js        |    27 +-
 tools/{server/webui => ui}/package-lock.json       | 15977 ++++++++++++------
 tools/ui/package.json                              |   107 +
 tools/ui/playwright.config.ts                      |    31 +
 tools/ui/pwa-assets-dark.config.ts                 |    27 +
 tools/ui/pwa-assets.config.ts                      |    68 +
 tools/{server/webui => ui}/scripts/dev.sh          |    18 +-
 tools/ui/scripts/favicon-colorize.ts               |   107 +
 tools/ui/scripts/git-hooks/install.sh              |    35 +
 tools/ui/scripts/git-hooks/pre-commit.sh           |    57 +
 tools/ui/scripts/git-hooks/pre-push.sh             |    67 +
 tools/ui/scripts/make-icons-circular.js            |   137 +
 tools/ui/scripts/vite-plugin-build-info.ts         |    41 +
 tools/ui/scripts/vite-plugin-relativize-base.ts    |    61 +
 tools/ui/scripts/vite-plugin-splash-screen.ts      |   115 +
 tools/ui/sources.cmake                             |    16 +
 tools/ui/src/.gitignore                            |     1 +
 tools/{server/webui => ui}/src/app.css             |    45 +-
 tools/{server/webui => ui}/src/app.d.ts            |    15 +
 tools/ui/src/app.html                              |    22 +
 .../src/lib/actions/fade-in-view.svelte.ts         |    14 +-
 tools/ui/src/lib/assets/logo.svg                   |     7 +
 .../webui => ui}/src/lib/components/app/SKILL.md   |     0
 .../lib/components/app/actions/ActionIcon.svelte   |    81 +
 .../app/actions/ActionIconCopyToClipboard.svelte   |     3 +-
 .../src/lib/components/app/actions/index.ts        |     0
 .../src/lib/components/app/badges/BadgeInfo.svelte |     8 +-
 .../components/app/badges/BadgesModality.svelte    |    10 +-
 .../src/lib/components/app/badges/index.ts         |     0
 .../ChatAttachmentsList/ChatAttachmentsList.svelte |     0
 .../ChatAttachmentsListItem.svelte                 |     0
 .../ChatAttachmentsListItemMcpPrompt.svelte        |     0
 .../ChatAttachmentsListItemMcpResource.svelte      |     0
 .../ChatAttachmentsListItemThumbnailFile.svelte    |    19 +-
 .../ChatAttachmentsListItemThumbnailImage.svelte   |     2 +-
 .../ChatAttachments/ChatAttachmentsPreview.svelte  |    24 +-
 .../ChatAttachmentsPreviewCurrentItem.svelte       |    15 +-
 .../ChatAttachmentsPreviewCurrentItemAudio.svelte  |     0
 .../ChatAttachmentsPreviewCurrentItemImage.svelte  |     0
 .../ChatAttachmentsPreviewCurrentItemPdf.svelte    |     9 +-
 .../ChatAttachmentsPreviewCurrentItemText.svelte   |     0
 ...AttachmentsPreviewCurrentItemUnavailable.svelte |     0
 .../ChatAttachmentsPreviewCurrentItemVideo.svelte  |    27 +
 .../ChatAttachmentsPreviewFileInfo.svelte          |     0
 .../ChatAttachmentsPreviewNavButtons.svelte        |     0
 .../ChatAttachmentsPreviewThumbnailStrip.svelte    |    10 +-
 .../components/app/chat/ChatForm/ChatForm.svelte   |     6 +-
 .../ChatFormActionAddButton.svelte                 |     5 +-
 .../ChatFormActionAddDropdown.svelte               |   185 +
 .../ChatFormActionAddMcpServersSubmenu.svelte      |    17 +-
 .../ChatFormActionAddReasoningSubmenu.svelte       |    77 +
 .../ChatFormActionAddSheet.svelte                  |   376 +
 .../ChatFormActionAddToolsSubmenu.svelte           |    57 +-
 .../ChatFormActionAdd/ChatFormActionsAdd.svelte    |    15 +-
 .../ChatFormActions/ChatFormActionModels.svelte    |    59 +-
 .../ChatFormActions/ChatFormActionRecord.svelte    |     5 +-
 .../ChatFormActions/ChatFormActionSubmit.svelte    |     2 +-
 .../ChatFormActions/ChatFormActions.svelte         |   104 +-
 .../ChatFormReasoningEffortSubmenu.svelte          |   127 +
 .../ChatFormContextGauge.svelte                    |   108 +
 .../ContextGaugeDetailRow.svelte                   |    20 +
 .../ContextGaugeDetails.svelte                     |   122 +
 .../ChatFormContextGauge/ContextGaugeDial.svelte   |    43 +
 .../ContextGaugeLoadModel.svelte                   |    24 +
 .../ChatForm/ChatFormContextGauge/context-gauge.ts |    37 +
 .../ChatForm/ChatFormFileInputInvisible.svelte     |     0
 .../chat/ChatForm/ChatFormMcpResourcesList.svelte  |     0
 .../ChatFormPicker/ChatFormPickerItemHeader.svelte |     0
 .../ChatFormPicker/ChatFormPickerList.svelte       |     0
 .../ChatFormPicker/ChatFormPickerListItem.svelte   |     0
 .../ChatFormPickerListItemSkeleton.svelte          |     0
 .../ChatFormPicker/ChatFormPickerPopover.svelte    |     0
 .../ChatFormPickerMcpPrompts.svelte                |     6 +-
 .../ChatFormPromptPickerArgumentForm.svelte        |     0
 .../ChatFormPromptPickerArgumentInput.svelte       |     0
 .../ChatFormPickerMcpResources.svelte              |     2 +-
 .../ChatFormPickers/ChatFormPickers.svelte         |     0
 .../app/chat/ChatForm/ChatFormTextarea.svelte      |     5 +-
 .../ChatMessages/ChatMessage/ChatMessage.svelte    |    11 +-
 .../ChatMessageAssistant.svelte                    |   244 +
 .../ChatMessageAssistantModel.svelte               |    46 +
 .../ChatMessageAssistantProcessingInfo.svelte      |    25 +
 .../ChatMessageAssistantRawOutput.svelte           |    33 +
 .../ChatMessageAssistantStatistics.svelte          |    40 +
 .../ChatMessageMcpPrompt.svelte                    |     0
 .../ChatMessageMcpPromptContent.svelte             |     0
 .../ChatMessageSystem/ChatMessageSystem.svelte     |     5 +-
 .../ChatMessageToolCallBlock.svelte                |    66 +
 .../ChatMessageToolCallBlockDefault.svelte         |   124 +
 .../ChatMessageToolCallBlockEditFile.svelte        |   166 +
 ...ChatMessageToolCallBlockExecShellCommand.svelte |   293 +
 .../ChatMessageToolCallBlockFileGlobSearch.svelte  |    61 +
 .../ChatMessageToolCallBlockGetDatetime.svelte     |    57 +
 .../ChatMessageToolCallBlockGrepSearch.svelte      |    67 +
 .../ChatMessageToolCallBlockReadFile.svelte        |    44 +
 .../ChatMessageToolCallBlockRunJavascript.svelte   |    69 +
 .../ChatMessageToolCallBlockSearchResults.svelte   |   167 +
 .../ChatMessageToolCallBlockWriteFile.svelte       |    55 +
 .../ChatMessageToolCall/ToolCallBlock.svelte       |   129 +
 .../ChatMessageToolCall/parsers/_shared.ts         |    49 +
 .../ChatMessageToolCall/parsers/edit-file.ts       |    71 +
 .../parsers/exec-shell-command.ts                  |    23 +
 .../parsers/file-glob-search.ts                    |    58 +
 .../ChatMessageToolCall/parsers/grep-search.ts     |   108 +
 .../ChatMessageToolCall/parsers/read-file.ts       |    52 +
 .../ChatMessageToolCall/parsers/run-javascript.ts  |    56 +
 .../ChatMessageToolCall/parsers/write-file.ts      |    54 +
 .../ChatMessageUser/ChatMessageUser.svelte         |   153 +
 .../ChatMessageUser/ChatMessageUserBubble.svelte   |     6 +-
 .../ChatMessageUser/ChatMessageUserPending.svelte  |     8 +-
 .../ChatMessageActionCard.svelte                   |     3 +-
 .../ChatMessageActionCardContinueRequest.svelte    |     0
 .../ChatMessageActionCardPermissionRequest.svelte  |    40 +-
 .../ChatMessageActionIcons.svelte                  |     0
 .../ChatMessageActionIconsBranchingControls.svelte |     0
 .../ChatMessages/ChatMessageAgenticContent.svelte  |   273 +
 .../chat/ChatMessages/ChatMessageEditForm.svelte   |     0
 .../ChatMessages/ChatMessageReasoningBlock.svelte  |   151 +
 .../ChatMessageStatistics.svelte                   |   182 +-
 .../ChatMessageStatisticsBadge.svelte              |    15 +-
 .../app/chat/ChatMessages/ChatMessages.svelte      |    55 +-
 .../app/chat/ChatScreen/ChatScreen.svelte          |   313 +
 .../ChatScreen/ChatScreenActionScrollDown.svelte   |    19 +
 .../ChatScreen/ChatScreenDialogsAndAlerts.svelte   |    55 +
 .../chat/ChatScreen/ChatScreenDragOverlay.svelte   |     0
 .../app/chat/ChatScreen/ChatScreenForm.svelte      |    36 +-
 .../app/chat/ChatScreen/ChatScreenGreeting.svelte  |    23 +
 .../chat/ChatScreen/ChatScreenServerError.svelte   |    44 +
 .../ChatScreen/ChatScreenStreamResumeStatus.svelte |    18 +
 .../src/lib/components/app/chat/index.ts           |    35 +-
 .../app/content/CollapsibleContentBlock.svelte     |    98 +
 .../app/content/CollapsibleTerminalBlock.svelte    |    97 +
 .../content/MarkdownContent/MarkdownContent.svelte |  1040 +-
 .../content/MarkdownContent/markdown-content.css   |   749 +
 .../content/MarkdownContent/markdown-handlers.ts   |   267 +
 .../app/content/MarkdownContent/markdown-utils.ts  |    84 +
 .../plugins/rehype/code-block-utils.ts             |   207 +
 .../plugins/rehype/enhance-code-blocks.ts          |    88 +
 .../plugins/rehype/enhance-links.ts                |     0
 .../plugins/rehype/enhance-mermaid-blocks.ts       |   106 +
 .../plugins/rehype/enhance-svg-blocks.ts           |    96 +
 .../MarkdownContent/plugins/rehype/mermaid-pre.ts  |     7 +
 .../plugins/rehype/pre-transform.ts                |    91 +
 .../plugins/rehype/rehype-rtl-support.ts           |     0
 .../plugins/rehype/resolve-attachment-images.ts    |     0
 .../MarkdownContent/plugins/rehype/svg-pre.ts      |    13 +
 .../plugins/rehype/table-html-restorer.ts          |     0
 .../MarkdownContent/plugins/remark/literal-html.ts |     0
 .../components/app/content/MermaidPreview.svelte   |   121 +
 .../app/content/MermaidPreviewControls.svelte      |    75 +
 .../app/content/SyntaxHighlightedCode.svelte       |   149 +
 .../src/lib/components/app/content/index.ts        |    36 +-
 .../dialogs/DialogChatAttachmentsPreview.svelte    |     0
 .../components/app/dialogs/DialogChatError.svelte  |     0
 .../app/dialogs/DialogCodePreview.svelte           |     0
 .../app/dialogs/DialogConfirmation.svelte          |     0
 .../app/dialogs/DialogConversationSelection.svelte |     0
 .../dialogs/DialogConversationTitleUpdate.svelte   |     0
 .../app/dialogs/DialogEmptyFileAlert.svelte        |     0
 .../app/dialogs/DialogExportSettings.svelte        |     0
 .../app/dialogs/DialogFileUploadError.svelte       |     0
 .../app/dialogs/DialogMcpResourcePreview.svelte    |     0
 .../app/dialogs/DialogMcpResourcesBrowser.svelte   |    11 +-
 .../app/dialogs/DialogMcpServerAddNew.svelte       |   236 +
 .../app/dialogs/DialogMermaidPreview.svelte        |    20 +
 .../app/dialogs/DialogModelInformation.svelte      |     0
 .../app/dialogs/DialogModelNotAvailable.svelte     |     3 +-
 .../src/lib/components/app/dialogs/index.ts        |    32 +
 .../app/forms/InputWithSuggestions.svelte          |     0
 .../lib/components/app/forms/KeyValuePairs.svelte  |    28 +-
 .../lib/components/app/forms/SearchInput.svelte    |    10 +-
 .../src/lib/components/app/forms/index.ts          |     0
 .../webui => ui}/src/lib/components/app/index.ts   |     0
 .../app/mcp/McpActiveServersAvatars.svelte         |     7 +-
 .../app/mcp/McpCapabilitiesBadges.svelte           |     0
 .../components/app/mcp/McpConnectionLogs.svelte    |     0
 .../src/lib/components/app/mcp/McpLogo.svelte      |     0
 .../components/app/mcp/McpResourcePreview.svelte   |     3 +-
 .../app/mcp/McpResourceTemplateForm.svelte         |     0
 .../McpResourcesBrowser/McpResourcesBrowser.svelte |     0
 .../McpResourcesBrowserEmptyState.svelte           |     0
 .../McpResourcesBrowserHeader.svelte               |     5 +-
 .../McpResourcesBrowserServerItem.svelte           |     5 +-
 .../McpResourcesBrowser/mcp-resources-browser.ts   |     0
 .../app/mcp/McpServerCard/McpServerCard.svelte     |    11 +-
 .../mcp/McpServerCard/McpServerCardActions.svelte  |     0
 .../mcp/McpServerCard/McpServerCardCompact.svelte  |    44 +
 .../McpServerCard/McpServerCardDeleteDialog.svelte |     0
 .../mcp/McpServerCard/McpServerCardEditForm.svelte |    49 +-
 .../mcp/McpServerCard/McpServerCardHeader.svelte   |     0
 .../McpServerCard/McpServerCardToolsList.svelte    |     0
 .../app/mcp/McpServerCardSkeleton.svelte           |     0
 .../lib/components/app/mcp/McpServerForm.svelte    |   241 +
 .../components/app/mcp/McpServerIdentity.svelte    |    14 +-
 .../lib/components/app/mcp/McpServerInfo.svelte    |     0
 .../src/lib/components/app/mcp/index.ts            |    11 +
 .../components/app/misc/CodeBlockActions.svelte    |     0
 .../app/misc/ConversationSelection.svelte          |     0
 .../app/misc/HorizontalScrollCarousel.svelte       |    26 +-
 .../app/misc/KeyboardShortcutInfo.svelte           |     0
 tools/ui/src/lib/components/app/misc/Logo.svelte   |    15 +
 .../lib/components/app/misc/TruncatedText.svelte   |     0
 .../src/lib/components/app/misc/index.ts           |     8 +
 .../lib/components/app/models/ModelBadge.svelte    |     9 +-
 .../src/lib/components/app/models/ModelId.svelte   |    10 +-
 .../app/models/ModelLoadHighlight.svelte           |    11 +
 .../app/models/ModelsSelectorDropdown.svelte       |   168 +-
 .../app/models/ModelsSelectorList.svelte           |     0
 .../app/models/ModelsSelectorOption.svelte         |    58 +-
 .../app/models/ModelsSelectorSheet.svelte          |    37 +-
 .../src/lib/components/app/models/index.ts         |     3 +-
 .../src/lib/components/app/models/utils.ts         |     0
 .../app/navigation/DropdownMenuActions.svelte      |    36 +-
 .../app/navigation/DropdownMenuSearchable.svelte   |     0
 .../SidebarNavigation/SidebarNavigation.svelte     |   294 +
 .../SidebarNavigationActions.svelte                |   197 +
 .../SidebarNavigationConversationItem.svelte       |    44 +-
 .../SidebarNavigationConversationList.svelte       |   135 +
 .../SidebarNavigationSearch.svelte                 |     4 +-
 .../SidebarNavigationSearchResults.svelte          |    76 +
 .../src/lib/components/app/navigation/index.ts     |    68 +-
 .../components/app/server/ServerErrorSplash.svelte |    19 +-
 .../app/server/ServerLoadingSplash.svelte          |     0
 .../lib/components/app/server/ServerStatus.svelte  |     3 +-
 .../src/lib/components/app/server/index.ts         |     0
 .../app/settings/SettingsChat/SettingsChat.svelte  |    30 +-
 .../SettingsChat/SettingsChatFields.svelte         |   270 +
 .../SettingsChatImportExportSection.svelte         |     3 +-
 .../SettingsChatImportExportTab.svelte             |    40 +-
 .../SettingsChatParameterSourceIndicator.svelte    |     0
 .../SettingsChat/SettingsChatToolsTab.svelte       |    41 +-
 .../app/settings/SettingsChatDesktopSidebar.svelte |    17 +-
 .../app/settings/SettingsChatMobileHeader.svelte   |    11 +-
 .../components/app/settings/SettingsFooter.svelte  |     0
 .../components/app/settings/SettingsGroup.svelte   |     0
 .../app/settings/SettingsMcpServers.svelte         |   162 +
 .../src/lib/components/app/settings/index.ts       |     0
 tools/ui/src/lib/components/pwa/PwaMetaTags.svelte |    23 +
 .../src/lib/components/pwa/PwaRefreshAlert.svelte  |    35 +
 tools/ui/src/lib/components/pwa/index.ts           |     2 +
 .../ui/alert-dialog/alert-dialog-action.svelte     |     0
 .../ui/alert-dialog/alert-dialog-cancel.svelte     |     0
 .../ui/alert-dialog/alert-dialog-content.svelte    |     0
 .../alert-dialog/alert-dialog-description.svelte   |     0
 .../ui/alert-dialog/alert-dialog-footer.svelte     |     0
 .../ui/alert-dialog/alert-dialog-header.svelte     |     0
 .../ui/alert-dialog/alert-dialog-overlay.svelte    |     0
 .../ui/alert-dialog/alert-dialog-title.svelte      |     0
 .../ui/alert-dialog/alert-dialog-trigger.svelte    |     0
 .../src/lib/components/ui/alert-dialog/index.ts    |     0
 .../components/ui/alert/alert-description.svelte   |     0
 .../src/lib/components/ui/alert/alert-title.svelte |     0
 .../src/lib/components/ui/alert/alert.svelte       |     0
 .../src/lib/components/ui/alert/index.ts           |     0
 .../src/lib/components/ui/badge/badge.svelte       |     0
 .../src/lib/components/ui/badge/index.ts           |     0
 .../ui/button-group/button-group-root.svelte       |     0
 .../ui/button-group/button-group-separator.svelte  |     0
 .../src/lib/components/ui/button-group/index.ts    |     0
 .../src/lib/components/ui/button/button.svelte     |     2 +-
 .../src/lib/components/ui/button/index.ts          |     0
 .../src/lib/components/ui/card/card-action.svelte  |     0
 .../src/lib/components/ui/card/card-content.svelte |     0
 .../lib/components/ui/card/card-description.svelte |     0
 .../src/lib/components/ui/card/card-footer.svelte  |     0
 .../src/lib/components/ui/card/card-header.svelte  |     0
 .../src/lib/components/ui/card/card-title.svelte   |     0
 .../src/lib/components/ui/card/card.svelte         |     0
 .../src/lib/components/ui/card/index.ts            |     0
 .../src/lib/components/ui/checkbox/checkbox.svelte |     0
 .../src/lib/components/ui/checkbox/index.ts        |     0
 .../ui/collapsible/collapsible-content.svelte      |     0
 .../ui/collapsible/collapsible-trigger.svelte      |     0
 .../components/ui/collapsible/collapsible.svelte   |     0
 .../src/lib/components/ui/collapsible/index.ts     |     0
 .../lib/components/ui/dialog/dialog-close.svelte   |     0
 .../lib/components/ui/dialog/dialog-content.svelte |     0
 .../components/ui/dialog/dialog-description.svelte |     0
 .../lib/components/ui/dialog/dialog-footer.svelte  |     0
 .../lib/components/ui/dialog/dialog-header.svelte  |     0
 .../lib/components/ui/dialog/dialog-overlay.svelte |     0
 .../lib/components/ui/dialog/dialog-title.svelte   |     0
 .../lib/components/ui/dialog/dialog-trigger.svelte |     0
 .../src/lib/components/ui/dialog/index.ts          |     0
 .../dropdown-menu-checkbox-item.svelte             |     0
 .../ui/dropdown-menu/dropdown-menu-content.svelte  |     0
 .../dropdown-menu-group-heading.svelte             |     0
 .../ui/dropdown-menu/dropdown-menu-group.svelte    |     0
 .../ui/dropdown-menu/dropdown-menu-item.svelte     |     0
 .../ui/dropdown-menu/dropdown-menu-label.svelte    |     0
 .../dropdown-menu/dropdown-menu-radio-group.svelte |     0
 .../dropdown-menu/dropdown-menu-radio-item.svelte  |     0
 .../dropdown-menu/dropdown-menu-separator.svelte   |     0
 .../ui/dropdown-menu/dropdown-menu-shortcut.svelte |     0
 .../dropdown-menu/dropdown-menu-sub-content.svelte |     0
 .../dropdown-menu/dropdown-menu-sub-trigger.svelte |     0
 .../ui/dropdown-menu/dropdown-menu-trigger.svelte  |     0
 .../src/lib/components/ui/dropdown-menu/index.ts   |     0
 .../lib/components/ui/empty/empty-content.svelte}  |     9 +-
 .../components/ui/empty/empty-description.svelte}  |    12 +-
 .../lib/components/ui/empty/empty-header.svelte}   |     5 +-
 .../src/lib/components/ui/empty/empty-media.svelte |    41 +
 .../lib/components/ui/empty/empty-title.svelte}    |     9 +-
 .../src/lib/components/ui/empty/empty.svelte}      |    12 +-
 tools/ui/src/lib/components/ui/empty/index.ts      |    22 +
 .../ui/hover-card/hover-card-content.svelte        |    31 +
 .../ui/hover-card/hover-card-portal.svelte         |     7 +
 .../ui/hover-card/hover-card-trigger.svelte        |     7 +
 .../lib/components/ui/hover-card/hover-card.svelte |     7 +
 tools/ui/src/lib/components/ui/hover-card/index.ts |    15 +
 .../src/lib/components/ui/input/index.ts           |     0
 .../src/lib/components/ui/input/input.svelte       |     0
 .../src/lib/components/ui/label/index.ts           |     0
 .../src/lib/components/ui/label/label.svelte       |     0
 .../src/lib/components/ui/popover/index.ts         |     0
 .../lib/components/ui/popover/popover-close.svelte |     0
 .../components/ui/popover/popover-content.svelte   |     0
 .../components/ui/popover/popover-portal.svelte    |     0
 .../components/ui/popover/popover-trigger.svelte   |     0
 .../src/lib/components/ui/popover/popover.svelte   |     0
 .../src/lib/components/ui/scroll-area/index.ts     |     0
 .../ui/scroll-area/scroll-area-scrollbar.svelte    |     0
 .../components/ui/scroll-area/scroll-area.svelte   |     0
 .../src/lib/components/ui/select/index.ts          |     0
 .../lib/components/ui/select/select-content.svelte |     0
 .../ui/select/select-group-heading.svelte          |     0
 .../lib/components/ui/select/select-group.svelte   |     0
 .../lib/components/ui/select/select-item.svelte    |     0
 .../lib/components/ui/select/select-label.svelte   |     0
 .../ui/select/select-scroll-down-button.svelte     |     0
 .../ui/select/select-scroll-up-button.svelte       |     0
 .../components/ui/select/select-separator.svelte   |     0
 .../lib/components/ui/select/select-trigger.svelte |     0
 .../src/lib/components/ui/separator/index.ts       |     0
 .../lib/components/ui/separator/separator.svelte   |     0
 .../src/lib/components/ui/sheet/index.ts           |     0
 .../src/lib/components/ui/sheet/sheet-close.svelte |     0
 .../lib/components/ui/sheet/sheet-content.svelte   |     0
 .../components/ui/sheet/sheet-description.svelte   |     0
 .../lib/components/ui/sheet/sheet-footer.svelte    |     0
 .../lib/components/ui/sheet/sheet-header.svelte    |     0
 .../lib/components/ui/sheet/sheet-overlay.svelte   |     0
 .../src/lib/components/ui/sheet/sheet-title.svelte |     0
 .../lib/components/ui/sheet/sheet-trigger.svelte   |     0
 .../src/lib/components/ui/skeleton/index.ts        |     0
 .../src/lib/components/ui/skeleton/skeleton.svelte |     0
 .../src/lib/components/ui/switch/index.ts          |     0
 .../src/lib/components/ui/switch/switch.svelte     |     0
 .../src/lib/components/ui/table/index.ts           |     0
 .../src/lib/components/ui/table/table-body.svelte  |     0
 .../lib/components/ui/table/table-caption.svelte   |     0
 .../src/lib/components/ui/table/table-cell.svelte  |     0
 .../lib/components/ui/table/table-footer.svelte    |     0
 .../src/lib/components/ui/table/table-head.svelte  |     0
 .../lib/components/ui/table/table-header.svelte    |     0
 .../src/lib/components/ui/table/table-row.svelte   |     0
 .../src/lib/components/ui/table/table.svelte       |     0
 .../src/lib/components/ui/textarea/index.ts        |     0
 .../src/lib/components/ui/textarea/textarea.svelte |     0
 .../src/lib/components/ui/tooltip/index.ts         |     0
 .../components/ui/tooltip/tooltip-content.svelte   |     2 +-
 .../components/ui/tooltip/tooltip-trigger.svelte   |     0
 .../webui => ui}/src/lib/components/ui/utils.ts    |     0
 .../webui => ui}/src/lib/constants/agentic.ts      |    30 +-
 tools/ui/src/lib/constants/api-endpoints.ts        |    31 +
 tools/ui/src/lib/constants/app.ts                  |     1 +
 .../src/lib/constants/attachment-labels.ts         |     0
 .../src/lib/constants/attachment-menu.ts           |    23 +-
 tools/ui/src/lib/constants/auto-scroll.ts          |    16 +
 .../src/lib/constants/binary-detection.ts          |     0
 tools/ui/src/lib/constants/built-in-tools.ts       |    59 +
 .../webui => ui}/src/lib/constants/cache.ts        |     0
 .../webui => ui}/src/lib/constants/chat-form.ts    |     0
 tools/ui/src/lib/constants/cli-flags.ts            |     6 +
 .../webui => ui}/src/lib/constants/code-blocks.ts  |     0
 tools/ui/src/lib/constants/code.ts                 |    24 +
 .../webui => ui}/src/lib/constants/context-keys.ts |     1 -
 tools/ui/src/lib/constants/control-actions.ts      |     7 +
 .../webui => ui}/src/lib/constants/css-classes.ts  |     7 +
 tools/ui/src/lib/constants/database.ts             |    29 +
 tools/ui/src/lib/constants/diagram-blocks.ts       |     9 +
 tools/ui/src/lib/constants/error.ts                |    23 +
 .../src/lib/constants/floating-ui-constraints.ts   |     0
 .../webui => ui}/src/lib/constants/formatters.ts   |     0
 tools/ui/src/lib/constants/icons.ts                |    43 +
 tools/ui/src/lib/constants/image-size.ts           |     3 +
 .../webui => ui}/src/lib/constants/index.ts        |    19 +-
 tools/ui/src/lib/constants/jpeg-exif.ts            |    30 +
 .../src/lib/constants/key-value-pairs.ts           |     0
 .../src/lib/constants/latex-protection.ts          |     0
 .../webui => ui}/src/lib/constants/literal-html.ts |     0
 .../webui => ui}/src/lib/constants/markdown.ts     |     1 +
 .../src/lib/constants/max-bundle-size.ts           |     0
 .../webui => ui}/src/lib/constants/mcp-form.ts     |     0
 .../webui => ui}/src/lib/constants/mcp-resource.ts |     0
 .../{server/webui => ui}/src/lib/constants/mcp.ts  |    21 +-
 tools/ui/src/lib/constants/mermaid-blocks.ts       |     9 +
 .../src/lib/constants/message-export.ts            |     0
 .../webui => ui}/src/lib/constants/model-id.ts     |     9 +-
 tools/ui/src/lib/constants/model-loading.ts        |    14 +
 .../webui => ui}/src/lib/constants/precision.ts    |     0
 .../src/lib/constants/processing-info.ts           |     0
 tools/ui/src/lib/constants/pwa.ts                  |   361 +
 .../src/lib/constants/reasoning-effort-tokens.ts   |    12 +
 tools/ui/src/lib/constants/reasoning-effort.ts     |    22 +
 .../src/lib/constants/recommended-mcp-servers.ts   |    38 +
 .../webui => ui}/src/lib/constants/routes.ts       |     4 +-
 tools/ui/src/lib/constants/sandbox.ts              |    39 +
 .../src/lib/constants/settings-keys.ts             |    16 +-
 .../src/lib/constants/settings-registry.ts         |   224 +-
 tools/ui/src/lib/constants/sse.ts                  |    16 +
 tools/ui/src/lib/constants/storage.ts              |    53 +
 tools/ui/src/lib/constants/stream.ts               |     3 +
 .../src/lib/constants/supported-file-types.ts      |    19 +-
 tools/ui/src/lib/constants/svg-blocks.ts           |    49 +
 .../src/lib/constants/table-html-restorer.ts       |     0
 .../src/lib/constants/title-generation.ts          |     0
 tools/ui/src/lib/constants/tools.ts                |    13 +
 .../src/lib/constants/tooltip-config.ts            |     0
 tools/{server/webui => ui}/src/lib/constants/ui.ts |    11 +-
 .../webui => ui}/src/lib/constants/uri-template.ts |     3 +
 .../{server/webui => ui}/src/lib/constants/url.ts  |     3 +
 .../webui => ui}/src/lib/constants/viewport.ts     |     0
 .../src/lib/contexts/chat-actions.context.ts       |     0
 .../lib/contexts/chat-settings-config.context.ts   |     0
 .../{server/webui => ui}/src/lib/contexts/index.ts |     6 -
 .../src/lib/contexts/message-edit.context.ts       |     0
 tools/ui/src/lib/enums/agentic.enums.ts            |    45 +
 .../src/lib/enums/attachment.enums.ts}             |     5 +-
 .../chat.ts => ui/src/lib/enums/chat.enums.ts}     |    18 +-
 .../files.ts => ui/src/lib/enums/files.enums.ts}   |    41 +-
 tools/{server/webui => ui}/src/lib/enums/index.ts  |    35 +-
 .../src/lib/enums/keyboard.enums.ts}               |     1 +
 .../enums/mcp.ts => ui/src/lib/enums/mcp.enums.ts} |     4 +-
 .../model.ts => ui/src/lib/enums/model.enums.ts}   |     3 +-
 tools/ui/src/lib/enums/reasoning-effort.enums.ts   |    11 +
 .../server.ts => ui/src/lib/enums/server.enums.ts} |    14 +
 .../src/lib/enums/settings.enums.ts}               |     0
 tools/ui/src/lib/enums/splash.enums.ts             |     7 +
 tools/ui/src/lib/enums/tools.enums.ts              |    37 +
 .../enums/ui.ts => ui/src/lib/enums/ui.enums.ts}   |     0
 .../src/lib/hooks/use-attachment-menu.svelte.ts    |     1 +
 .../src/lib/hooks/use-auto-scroll.svelte.ts        |    11 +
 .../hooks/use-chat-screen-active-model.svelte.ts   |   100 +
 .../hooks/use-chat-screen-drag-and-drop.svelte.ts  |    72 +
 .../hooks/use-chat-screen-file-upload.svelte.ts    |   104 +
 .../src/lib/hooks/use-chat-screen-scroll.svelte.ts |    47 +
 tools/ui/src/lib/hooks/use-context-gauge.svelte.ts |   295 +
 .../src/lib/hooks/use-draft-messages.svelte.ts     |     0
 .../src/lib/hooks/use-keyboard-shortcuts.svelte.ts |     6 +
 .../lib/hooks/use-message-edit-context.svelte.ts   |     0
 .../src/lib/hooks/use-models-selector.svelte.ts    |    37 +-
 .../src/lib/hooks/use-processing-state.svelte.ts   |    10 +-
 tools/ui/src/lib/hooks/use-pwa.svelte.ts           |    82 +
 .../ui/src/lib/hooks/use-reasoning-menu.svelte.ts  |    96 +
 .../src/lib/hooks/use-scroll-carousel.svelte.ts    |     0
 .../lib/hooks/use-settings-navigation.svelte.ts    |     0
 .../src/lib/hooks/use-tools-panel.svelte.ts        |    44 +-
 .../webui => ui}/src/lib/services/chat.service.ts  |   645 +-
 .../src/lib/services/database.service.ts           |   366 +-
 .../{server/webui => ui}/src/lib/services/index.ts |    50 +-
 .../webui => ui}/src/lib/services/mcp.service.ts   |   201 +-
 tools/ui/src/lib/services/migration.service.ts     |   740 +
 .../src/lib/services/models.service.ts             |    15 +-
 .../lib/services/parameter-sync.service.spec.ts    |     2 +-
 .../src/lib/services/parameter-sync.service.ts     |    13 +-
 .../webui => ui}/src/lib/services/props.service.ts |     0
 .../src/lib/services/router.service.ts             |     0
 tools/ui/src/lib/services/sandbox-harness.ts       |    25 +
 tools/ui/src/lib/services/sandbox-worker.js        |    30 +
 tools/ui/src/lib/services/sandbox.service.ts       |   112 +
 tools/ui/src/lib/services/tools.service.ts         |   130 +
 .../webui => ui}/src/lib/stores/agentic.svelte.ts  |   186 +-
 tools/ui/src/lib/stores/build-info.svelte.ts       |    42 +
 .../webui => ui}/src/lib/stores/chat.svelte.ts     |   765 +-
 .../src/lib/stores/conversations.svelte.ts         |   494 +-
 tools/ui/src/lib/stores/device.svelte.ts           |    72 +
 .../src/lib/stores/draft-messages.svelte.ts        |     0
 .../src/lib/stores/mcp-resources.svelte.ts         |     4 +-
 .../webui => ui}/src/lib/stores/mcp.svelte.ts      |   317 +-
 .../webui => ui}/src/lib/stores/models.svelte.ts   |   724 +-
 .../src/lib/stores/permissions.svelte.ts           |     1 +
 .../src/lib/stores/persisted.svelte.ts             |     0
 .../webui => ui}/src/lib/stores/server.svelte.ts   |    85 +-
 .../src/lib/stores/settings-referrer.svelte.ts     |     0
 .../webui => ui}/src/lib/stores/settings.svelte.ts |    45 +-
 tools/ui/src/lib/stores/theme.svelte.ts            |    14 +
 tools/ui/src/lib/stores/tools.svelte.ts            |   494 +
 tools/ui/src/lib/stores/version.svelte.ts          |    41 +
 tools/ui/src/lib/stores/viewport.svelte.ts         |     9 +
 .../webui => ui}/src/lib/types/agentic.d.ts        |    16 +-
 tools/{server/webui => ui}/src/lib/types/api.d.ts  |    77 +-
 tools/{server/webui => ui}/src/lib/types/chat.d.ts |     6 +
 .../{server/webui => ui}/src/lib/types/common.d.ts |     7 +-
 .../webui => ui}/src/lib/types/database.d.ts       |    18 +-
 tools/{server/webui => ui}/src/lib/types/index.ts  |    24 +-
 tools/{server/webui => ui}/src/lib/types/mcp.d.ts  |    40 +-
 .../{server/webui => ui}/src/lib/types/models.d.ts |    15 +-
 tools/ui/src/lib/types/reasoning.ts                |     6 +
 .../webui => ui}/src/lib/types/settings.d.ts       |    21 +-
 tools/ui/src/lib/types/splash.ts                   |     1 +
 .../{server/webui => ui}/src/lib/types/tools.d.ts  |     4 +-
 tools/{server/webui => ui}/src/lib/utils/abort.ts  |    28 +-
 tools/ui/src/lib/utils/agentic.ts                  |   461 +
 .../webui => ui}/src/lib/utils/api-fetch.ts        |    80 +-
 .../webui => ui}/src/lib/utils/api-headers.ts      |    22 +-
 .../src/lib/utils/api-key-validation.ts            |    19 +-
 .../src/lib/utils/attachment-display.ts            |     0
 .../webui => ui}/src/lib/utils/attachment-type.ts  |    21 +
 .../webui => ui}/src/lib/utils/audio-recording.ts  |     0
 .../src/lib/utils/autoresize-textarea.ts           |     0
 .../webui => ui}/src/lib/utils/branching.ts        |   125 +-
 .../webui => ui}/src/lib/utils/browser-only.ts     |     0
 .../webui => ui}/src/lib/utils/cache-ttl.ts        |     0
 tools/ui/src/lib/utils/cap-img-size.ts             |    88 +
 .../lib/utils/chat-template-thinking-detector.ts   |    86 +
 .../webui => ui}/src/lib/utils/clipboard.ts        |     0
 tools/{server/webui => ui}/src/lib/utils/code.ts   |    27 +-
 tools/ui/src/lib/utils/compute-line-diff.ts        |   105 +
 .../webui => ui}/src/lib/utils/config-helpers.ts   |     0
 .../src/lib/utils/conversation-utils.ts            |     0
 .../src/lib/utils/convert-files-to-extra.ts        |    15 +
 .../webui => ui}/src/lib/utils/cors-proxy.ts       |     8 +-
 tools/{server/webui => ui}/src/lib/utils/css.ts    |     0
 .../{server/webui => ui}/src/lib/utils/data-url.ts |     0
 .../{server/webui => ui}/src/lib/utils/debounce.ts |     0
 .../webui => ui}/src/lib/utils/file-preview.ts     |     0
 .../webui => ui}/src/lib/utils/file-type.ts        |    28 +-
 .../webui => ui}/src/lib/utils/formatters.ts       |     0
 .../{server/webui => ui}/src/lib/utils/headers.ts  |     0
 tools/ui/src/lib/utils/heic-to-jpeg.ts             |    56 +
 .../src/lib/utils/image-error-fallback.ts          |     0
 tools/{server/webui => ui}/src/lib/utils/index.ts  |    64 +-
 .../webui => ui}/src/lib/utils/is-ime-composing.ts |     0
 tools/ui/src/lib/utils/jpeg-orientation.ts         |   146 +
 .../webui => ui}/src/lib/utils/latex-protection.ts |     0
 .../webui => ui}/src/lib/utils/legacy-migration.ts |    41 +-
 tools/{server/webui => ui}/src/lib/utils/mcp.ts    |    26 +-
 .../src/lib/utils/modality-file-validation.ts      |    16 +-
 .../webui => ui}/src/lib/utils/model-names.ts      |     4 +-
 tools/ui/src/lib/utils/parse-exec-shell-error.ts   |    19 +
 tools/ui/src/lib/utils/parse-exec-shell-status.ts  |    47 +
 tools/ui/src/lib/utils/parse-partial-json-args.ts  |    83 +
 .../webui => ui}/src/lib/utils/pdf-processing.ts   |     4 +-
 .../webui => ui}/src/lib/utils/portal-to-body.ts   |     0
 .../webui => ui}/src/lib/utils/precision.ts        |     0
 .../src/lib/utils/process-uploaded-files.ts        |    14 +-
 tools/ui/src/lib/utils/progress.ts                 |    43 +
 tools/{server/webui => ui}/src/lib/utils/redact.ts |     0
 .../webui => ui}/src/lib/utils/request-helpers.ts  |     0
 tools/ui/src/lib/utils/sanitize-svg.ts             |    22 +
 .../{server/webui => ui}/src/lib/utils/sanitize.ts |     0
 tools/ui/src/lib/utils/search-results.ts           |   229 +
 tools/ui/src/lib/utils/sse.ts                      |    71 +
 tools/ui/src/lib/utils/stream-identity.ts          |    13 +
 tools/ui/src/lib/utils/svg-shadow.ts               |    10 +
 .../webui => ui}/src/lib/utils/svg-to-png.ts       |     0
 .../src/lib/utils/syntax-highlight-language.ts     |     0
 .../webui => ui}/src/lib/utils/text-files.ts       |     0
 tools/{server/webui => ui}/src/lib/utils/text.ts   |     4 +-
 tools/ui/src/lib/utils/tool-call-meta.ts           |    27 +
 .../webui => ui}/src/lib/utils/uri-template.ts     |     2 +-
 tools/ui/src/lib/utils/url.ts                      |   112 +
 tools/{server/webui => ui}/src/lib/utils/uuid.ts   |     0
 .../{server/webui => ui}/src/lib/utils/viewport.ts |     0
 .../webui => ui}/src/lib/utils/webp-to-png.ts      |     0
 .../webui => ui}/src/routes/(chat)/+layout.svelte  |     0
 .../webui => ui}/src/routes/(chat)/+page.svelte    |    17 +-
 .../webui => ui}/src/routes/(chat)/+page.ts        |     0
 .../src/routes/(chat)/chat/[id]/+page.svelte       |    46 +-
 .../src/routes/(chat)/chat/[id]/+page.ts           |     0
 .../{server/webui => ui}/src/routes/+error.svelte  |     3 +-
 tools/ui/src/routes/+layout.svelte                 |   343 +
 .../src/routes/mcp-servers/+page.svelte            |     0
 tools/ui/src/routes/search/+page.svelte            |    95 +
 .../src/routes/settings/+layout.svelte             |    12 +-
 .../src/routes/settings/[[section]]/+page.svelte   |     5 +-
 .../webui => ui}/src/styles/katex-custom.scss      |     9 +-
 tools/ui/static/recommended-mcp/context7.png       |   Bin 0 -> 1489 bytes
 tools/ui/static/recommended-mcp/exa.ico            |   Bin 0 -> 15154 bytes
 tools/ui/static/recommended-mcp/github-dark.png    |   Bin 0 -> 584 bytes
 tools/ui/static/recommended-mcp/github-light.png   |   Bin 0 -> 958 bytes
 tools/ui/static/recommended-mcp/huggingface.ico    |   Bin 0 -> 205556 bytes
 tools/{server/webui => ui}/svelte.config.js        |    11 +-
 tools/ui/tests/client/cap-img-size.svelte.test.ts  |   121 +
 .../client/components/McpServerFormWrapper.svelte  |    37 +
 .../tests/client/components/TestWrapper.svelte     |     7 +-
 .../ui/tests/client/mcp-server-form.svelte.test.ts |   133 +
 .../webui => ui}/tests/client/page.svelte.test.ts  |     7 +-
 tools/ui/tests/e2e/pwa.e2e.ts                      |   109 +
 .../tests/stories/ChatMessage.stories.svelte       |     0
 .../tests/stories/ChatScreenForm.stories.svelte    |     0
 .../webui => ui}/tests/stories/Introduction.mdx    |     2 +-
 .../tests/stories/MarkdownContent.stories.svelte   |     0
 .../ui/tests/stories/ModelsSelector.stories.svelte |   269 +
 .../tests/stories/PwaRefreshAlert.stories.svelte   |    57 +
 .../tests/stories/SidebarNavigation.stories.svelte |    53 +-
 .../stories/a11y/ActionIcon.a11y.stories.svelte    |    34 +
 .../a11y/ChatMessageStatistics.a11y.stories.svelte |    50 +
 .../a11y/ChatScreenForm.a11y.stories.svelte        |    50 +
 .../HorizontalScrollCarousel.a11y.stories.svelte   |    69 +
 ...rNavigationConversationItem.a11y.stories.svelte |    36 +
 .../tests/stories/fixtures/ai-tutorial.ts          |     0
 .../tests/stories/fixtures/api-docs.ts             |     0
 .../tests/stories/fixtures/assets/1.jpg            |   Bin
 .../fixtures/assets/beautiful-flowers-lotus.webp   |   Bin
 .../tests/stories/fixtures/assets/example.pdf      |   Bin
 .../tests/stories/fixtures/assets/hf-logo.svg      |     0
 .../tests/stories/fixtures/blog-post.ts            |     0
 .../tests/stories/fixtures/data-analysis.ts        |     0
 .../webui => ui}/tests/stories/fixtures/empty.ts   |     0
 .../tests/stories/fixtures/math-formulas.ts        |     0
 .../webui => ui}/tests/stories/fixtures/readme.ts  |     0
 .../tests/stories/fixtures/storybook-mocks.ts      |    11 +-
 tools/ui/tests/unit/abort.test.ts                  |    56 +
 .../tests/unit/agentic-sections.test.ts            |    47 +-
 .../webui => ui}/tests/unit/agentic-strip.test.ts  |     0
 tools/ui/tests/unit/assistant-raw-output.test.ts   |    77 +
 tools/ui/tests/unit/classify-tool-result.test.ts   |   130 +
 .../webui => ui}/tests/unit/clipboard.test.ts      |     0
 tools/ui/tests/unit/code.test.ts                   |    82 +
 tools/ui/tests/unit/compute-line-diff.test.ts      |   136 +
 tools/ui/tests/unit/continue-intent.test.ts        |   166 +
 tools/ui/tests/unit/favicon-colorize.test.ts       |   198 +
 tools/ui/tests/unit/headers.test.ts                |   126 +
 tools/ui/tests/unit/jpeg-orientation.test.ts       |   100 +
 .../tests/unit/latex-protection.test.ts            |     0
 .../tests/unit/mcp-default-overrides-merge.test.ts |   158 +
 tools/ui/tests/unit/mcp-override-fallback.test.ts  |   143 +
 tools/ui/tests/unit/mcp-servers-default.test.ts    |    19 +
 .../webui => ui}/tests/unit/mcp-service.test.ts    |    90 +-
 .../tests/unit/model-id-parser.test.ts             |     5 +
 .../webui => ui}/tests/unit/model-names.test.ts    |     0
 .../ui/tests/unit/parse-exec-shell-status.test.ts  |    67 +
 .../tests/unit/parse-mcp-server-settings.test.ts   |   151 +
 .../tests/unit/partial-tool-call-cleanup.test.ts   |    95 +
 tools/ui/tests/unit/pwa.spec.ts                    |   193 +
 .../tests/unit/reasoning-context.test.ts           |     0
 .../{server/webui => ui}/tests/unit/redact.test.ts |     0
 .../tests/unit/request-helpers.test.ts             |     0
 .../tests/unit/sanitize-headers.test.ts            |    18 +
 tools/ui/tests/unit/search-results-fixture.test.ts |    44 +
 tools/ui/tests/unit/search-results.test.ts         |   118 +
 tools/ui/tests/unit/sse.test.ts                    |    77 +
 tools/ui/tests/unit/stream-discovery.test.ts       |    74 +
 tools/ui/tests/unit/stream-resume.test.ts          |   128 +
 tools/ui/tests/unit/tool-call-meta.test.ts         |    30 +
 tools/ui/tests/unit/tool-calls.test.ts             |   416 +
 .../webui => ui}/tests/unit/uri-template.test.ts   |     8 +
 tools/{server/webui => ui}/tsconfig.json           |     3 +-
 tools/{server/webui => ui}/vite.config.ts          |    69 +-
 tools/ui/vitest-setup-client.ts                    |    80 +
 tools/ui/vitest.shims.d.ts                         |     1 +
 ty.toml                                            |     3 +-
 vendor/cpp-httplib/CMakeLists.txt                  |     4 +-
 vendor/cpp-httplib/httplib.cpp                     |  1191 +-
 vendor/cpp-httplib/httplib.h                       |   241 +-
 1936 files changed, 239044 insertions(+), 77834 deletions(-)
 create mode 100644 .devops/zendnn.Dockerfile
 create mode 100644 .github/actions/ccache-clear/action.yml
 create mode 100644 .github/actions/windows-setup-openvino/action.yml
 create mode 100644 .github/workflows/build-cpu.yml
 create mode 100644 .github/workflows/build-cuda-ubuntu.yml
 create mode 100644 .github/workflows/build-cuda-windows.yml
 create mode 100644 .github/workflows/build-ibm.yml
 create mode 100644 .github/workflows/build-opencl.yml
 create mode 100644 .github/workflows/build-rpc.yml
 create mode 100644 .github/workflows/build-webgpu.yml
 delete mode 100644 .github/workflows/build.yml
 create mode 100644 .github/workflows/ui-build-self-hosted.yml
 create mode 100644 .github/workflows/ui-build.yml
 rename .github/workflows/{webui-publish.yml => ui-publish.yml} (67%)
 create mode 100644 .github/workflows/ui-self-hosted.yml
 rename .github/workflows/{server-webui.yml => ui.yml} (65%)
 delete mode 100644 .github/workflows/webui-build.yml
 create mode 100644 app/CMakeLists.txt
 create mode 100644 app/download.cpp
 create mode 100644 app/llama.cpp
 create mode 100644 common/imatrix-loader.cpp
 create mode 100644 common/imatrix-loader.h
 delete mode 100644 common/json-partial.cpp
 delete mode 100644 common/json-partial.h
 delete mode 100644 common/regex-partial.cpp
 delete mode 100644 common/regex-partial.h
 create mode 100644 conversion/__init__.py
 create mode 100644 conversion/afmoe.py
 create mode 100644 conversion/arctic.py
 create mode 100644 conversion/baichuan.py
 create mode 100644 conversion/bailingmoe.py
 create mode 100644 conversion/base.py
 create mode 100644 conversion/bert.py
 create mode 100644 conversion/bitnet.py
 create mode 100644 conversion/bloom.py
 create mode 100644 conversion/chameleon.py
 create mode 100644 conversion/chatglm.py
 create mode 100644 conversion/codeshell.py
 create mode 100644 conversion/cogvlm.py
 create mode 100644 conversion/command_r.py
 create mode 100644 conversion/dbrx.py
 create mode 100644 conversion/deci.py
 create mode 100644 conversion/deepseek.py
 create mode 100644 conversion/dots1.py
 create mode 100644 conversion/dotsocr.py
 create mode 100644 conversion/dream.py
 create mode 100644 conversion/ernie.py
 create mode 100644 conversion/exaone.py
 create mode 100644 conversion/falcon.py
 create mode 100644 conversion/falcon_h1.py
 create mode 100644 conversion/gemma.py
 create mode 100644 conversion/glm.py
 create mode 100644 conversion/gpt2.py
 create mode 100644 conversion/gpt_oss.py
 create mode 100644 conversion/gptneox.py
 create mode 100644 conversion/granite.py
 create mode 100644 conversion/grok.py
 create mode 100644 conversion/grovemoe.py
 create mode 100644 conversion/hunyuan.py
 create mode 100644 conversion/internlm.py
 create mode 100644 conversion/internvl.py
 create mode 100644 conversion/jais.py
 create mode 100644 conversion/jamba.py
 create mode 100644 conversion/januspro.py
 create mode 100644 conversion/kimi_linear.py
 create mode 100644 conversion/kimivl.py
 create mode 100644 conversion/lfm2.py
 create mode 100644 conversion/lighton_ocr.py
 create mode 100644 conversion/llada.py
 create mode 100644 conversion/llama.py
 create mode 100644 conversion/llama4.py
 create mode 100644 conversion/llava.py
 create mode 100644 conversion/maincoder.py
 create mode 100644 conversion/mamba.py
 create mode 100644 conversion/mellum.py
 create mode 100644 conversion/mimo.py
 create mode 100644 conversion/minicpm.py
 create mode 100644 conversion/minimax.py
 create mode 100644 conversion/mistral.py
 create mode 100644 conversion/mistral3.py
 create mode 100644 conversion/mpt.py
 create mode 100644 conversion/nemotron.py
 create mode 100644 conversion/olmo.py
 create mode 100644 conversion/openelm.py
 create mode 100644 conversion/orion.py
 create mode 100644 conversion/pangu.py
 create mode 100644 conversion/phi.py
 create mode 100644 conversion/pixtral.py
 create mode 100644 conversion/plamo.py
 create mode 100644 conversion/plm.py
 create mode 100644 conversion/qwen.py
 create mode 100644 conversion/qwen3vl.py
 create mode 100644 conversion/qwenvl.py
 create mode 100644 conversion/refact.py
 create mode 100644 conversion/rwkv.py
 create mode 100644 conversion/sarashina2.py
 create mode 100644 conversion/smallthinker.py
 create mode 100644 conversion/smolvlm.py
 create mode 100644 conversion/stablelm.py
 create mode 100644 conversion/starcoder.py
 create mode 100644 conversion/step3.py
 create mode 100644 conversion/t5.py
 create mode 100644 conversion/talkie.py
 create mode 100644 conversion/ultravox.py
 create mode 100644 conversion/wavtokenizer.py
 create mode 100644 conversion/xverse.py
 create mode 100644 conversion/youtuvl.py
 create mode 100644 docs/backend/ET.md
 create mode 100644 docs/ops/ET.csv
 delete mode 100644 examples/save-load-state/CMakeLists.txt
 delete mode 100644 examples/save-load-state/save-load-state.cpp
 create mode 100755 examples/sycl/update-ops-doc.sh
 create mode 100644 examples/sycl/win-update-ops-doc.bat
 create mode 100644 ggml/include/ggml-et.h
 create mode 100644 ggml/src/ggml-cuda/col2im-1d.cu
 create mode 100644 ggml/src/ggml-cuda/col2im-1d.cuh
 create mode 100644 ggml/src/ggml-cuda/dsv4-hc.cu
 create mode 100644 ggml/src/ggml-cuda/dsv4-hc.cuh
 create mode 100644 ggml/src/ggml-cuda/fwht.cu
 create mode 100644 ggml/src/ggml-cuda/fwht.cuh
 create mode 100644 ggml/src/ggml-cuda/lightning-indexer.cu
 create mode 100644 ggml/src/ggml-cuda/lightning-indexer.cuh
 create mode 100644 ggml/src/ggml-cuda/mmq-config-ampere.cuh
 create mode 100644 ggml/src/ggml-cuda/mmq-config-blackwell.cuh
 create mode 100644 ggml/src/ggml-cuda/mmq-config-cdna.cuh
 create mode 100644 ggml/src/ggml-cuda/mmq-config-pascal.cuh
 create mode 100644 ggml/src/ggml-cuda/mmq-config-rdna2.cuh
 create mode 100644 ggml/src/ggml-cuda/mmq-config-rdna4.cuh
 create mode 100644 ggml/src/ggml-cuda/mmq-load-tiles.cuh
 create mode 100644 ggml/src/ggml-cuda/mmq-vec-dot.cuh
 create mode 100644 ggml/src/ggml-et/CMakeLists.txt
 create mode 100644 ggml/src/ggml-et/cmake/embed_one_kernel.cmake
 create mode 100644 ggml/src/ggml-et/cmake/ggml-et-kernels-embed.cpp.in
 create mode 100644 ggml/src/ggml-et/cmake/ggml-et-kernels-embed.hpp.in
 create mode 100644 ggml/src/ggml-et/cmake/ggml-et-uberkernel-kernel-map.cpp.in
 create mode 100644 ggml/src/ggml-et/cmake/ggml-et-uberkernel-kernel-map.h.in
 create mode 100644 ggml/src/ggml-et/et-kernels/CMakeLists.txt
 create mode 100755 ggml/src/ggml-et/et-kernels/scripts/check_unimplemented_instructions.sh
 create mode 100644 ggml/src/ggml-et/et-kernels/src/RunBackend.sh
 create mode 100644 ggml/src/ggml-et/et-kernels/src/block_ops.h
 create mode 100644 ggml/src/ggml-et/et-kernels/src/clamp_f32.c
 create mode 100644 ggml/src/ggml-et/et-kernels/src/concat_f32.c
 create mode 100644 ggml/src/ggml-et/et-kernels/src/cont_f16.c
 create mode 100644 ggml/src/ggml-et/et-kernels/src/cont_f32.c
 create mode 100644 ggml/src/ggml-et/et-kernels/src/conv_2d_f32_me.c
 create mode 100644 ggml/src/ggml-et/et-kernels/src/cpy_f32_f16.c
 create mode 100644 ggml/src/ggml-et/et-kernels/src/crt.S
 create mode 100644 ggml/src/ggml-et/et-kernels/src/cumsum_f32.c
 create mode 100644 ggml/src/ggml-et/et-kernels/src/diag_f32.c
 create mode 100644 ggml/src/ggml-et/et-kernels/src/el_map_f32.c
 create mode 100644 ggml/src/ggml-et/et-kernels/src/fill_f32.c
 create mode 100644 ggml/src/ggml-et/et-kernels/src/flash_attn_ext_f16_me.c
 create mode 100644 ggml/src/ggml-et/et-kernels/src/flash_attn_ext_f32.c
 create mode 100644 ggml/src/ggml-et/et-kernels/src/gated_delta_net_f32.c
 create mode 100644 ggml/src/ggml-et/et-kernels/src/get_rows_f32.c
 create mode 100644 ggml/src/ggml-et/et-kernels/src/ggml_tensor.h
 create mode 100644 ggml/src/ggml-et/et-kernels/src/glu_f32.c
 create mode 100644 ggml/src/ggml-et/et-kernels/src/group_norm_f32.c
 create mode 100644 ggml/src/ggml-et/et-kernels/src/im2col.c
 create mode 100644 ggml/src/ggml-et/et-kernels/src/l2_norm_f32.c
 create mode 100644 ggml/src/ggml-et/et-kernels/src/linker.ld
 create mode 100644 ggml/src/ggml-et/et-kernels/src/math_fp.h
 create mode 100644 ggml/src/ggml-et/et-kernels/src/mean_f32.c
 create mode 100644 ggml/src/ggml-et/et-kernels/src/memops.c
 create mode 100644 ggml/src/ggml-et/et-kernels/src/mul_mat_Q4_0.c
 create mode 100644 ggml/src/ggml-et/et-kernels/src/mul_mat_Q4_0_matrix_engine.c
 create mode 100644 ggml/src/ggml-et/et-kernels/src/mul_mat_Q8_0.c
 create mode 100644 ggml/src/ggml-et/et-kernels/src/mul_mat_f16.c
 create mode 100644 ggml/src/ggml-et/et-kernels/src/mul_mat_f16_matrix_engine.c
 create mode 100644 ggml/src/ggml-et/et-kernels/src/mul_mat_f32.c
 create mode 100644 ggml/src/ggml-et/et-kernels/src/mul_mat_f32_matrix_engine.c
 create mode 100644 ggml/src/ggml-et/et-kernels/src/mul_mat_id_Q4_0.c
 create mode 100644 ggml/src/ggml-et/et-kernels/src/mul_mat_id_Q8_0.c
 create mode 100644 ggml/src/ggml-et/et-kernels/src/mul_mat_id_f32.c
 create mode 100644 ggml/src/ggml-et/et-kernels/src/norm_f32.c
 create mode 100644 ggml/src/ggml-et/et-kernels/src/pad_f32.c
 create mode 100644 ggml/src/ggml-et/et-kernels/src/platform.h
 create mode 100644 ggml/src/ggml-et/et-kernels/src/quants.h
 create mode 100644 ggml/src/ggml-et/et-kernels/src/repeat_f32.c
 create mode 100644 ggml/src/ggml-et/et-kernels/src/rms_norm_f32.c
 create mode 100644 ggml/src/ggml-et/et-kernels/src/rms_norm_mul_f32.c
 create mode 100644 ggml/src/ggml-et/et-kernels/src/rope_f32.c
 create mode 100644 ggml/src/ggml-et/et-kernels/src/rwkv_wkv6_f32.c
 create mode 100644 ggml/src/ggml-et/et-kernels/src/rwkv_wkv7_f32.c
 create mode 100644 ggml/src/ggml-et/et-kernels/src/scale_f32.c
 create mode 100644 ggml/src/ggml-et/et-kernels/src/set_f32.c
 create mode 100644 ggml/src/ggml-et/et-kernels/src/set_rows_f32.c
 create mode 100644 ggml/src/ggml-et/et-kernels/src/softmax_f32.c
 create mode 100644 ggml/src/ggml-et/et-kernels/src/solve_tri_f32.c
 create mode 100644 ggml/src/ggml-et/et-kernels/src/sqr_f32.c
 create mode 100644 ggml/src/ggml-et/et-kernels/src/ssm_conv_f32.c
 create mode 100644 ggml/src/ggml-et/et-kernels/src/ssm_scan_f32.c
 create mode 100644 ggml/src/ggml-et/et-kernels/src/sum_rows_f32.c
 create mode 100644 ggml/src/ggml-et/et-kernels/src/tensor.h
 create mode 100644 ggml/src/ggml-et/et-kernels/src/tri_f32.c
 create mode 100644 ggml/src/ggml-et/et-kernels/src/uberkernel.c
 create mode 100644 ggml/src/ggml-et/et-kernels/src/unary_f32.c
 create mode 100644 ggml/src/ggml-et/ggml-et-common.h
 create mode 100644 ggml/src/ggml-et/ggml-et-cpu-compare.cpp
 create mode 100644 ggml/src/ggml-et/ggml-et-cpu-compare.h
 create mode 100644 ggml/src/ggml-et/ggml-et-kernels.cpp
 create mode 100644 ggml/src/ggml-et/ggml-et-kernels.h
 create mode 100644 ggml/src/ggml-et/ggml-et-memops.cpp
 create mode 100644 ggml/src/ggml-et/ggml-et-memops.h
 create mode 100644 ggml/src/ggml-et/ggml-et-ops.cpp
 create mode 100644 ggml/src/ggml-et/ggml-et-ops.h
 create mode 100644 ggml/src/ggml-et/ggml-et-uberkernel-common.h
 create mode 100644 ggml/src/ggml-et/ggml-et.cpp
 create mode 100644 ggml/src/ggml-hexagon/htp-opnode.h
 create mode 100644 ggml/src/ggml-hexagon/htp/concat-ops.c
 create mode 100644 ggml/src/ggml-hexagon/htp/dma-queue.c
 create mode 100644 ggml/src/ggml-hexagon/htp/dma-queue.h
 create mode 100644 ggml/src/ggml-hexagon/htp/flash-attn-ops.h
 create mode 100644 ggml/src/ggml-hexagon/htp/hex-bitmap.h
 create mode 100644 ggml/src/ggml-hexagon/htp/hex-common.h
 delete mode 100644 ggml/src/ggml-hexagon/htp/hex-dma.c
 create mode 100644 ggml/src/ggml-hexagon/htp/hex-profile.h
 create mode 100644 ggml/src/ggml-hexagon/htp/hmx-fa-kernels.h
 delete mode 100644 ggml/src/ggml-hexagon/htp/hmx-flash-attn-ops.c
 delete mode 100644 ggml/src/ggml-hexagon/htp/hmx-matmul-ops.c
 create mode 100644 ggml/src/ggml-hexagon/htp/hmx-mm-kernels-tiled.h
 delete mode 100644 ggml/src/ggml-hexagon/htp/hmx-ops.h
 delete mode 100644 ggml/src/ggml-hexagon/htp/hmx-profile.h
 create mode 100644 ggml/src/ggml-hexagon/htp/htp-tensor.c
 create mode 100644 ggml/src/ggml-hexagon/htp/htp-tensor.h
 create mode 100644 ggml/src/ggml-hexagon/htp/htp-vtcm.h
 create mode 100644 ggml/src/ggml-hexagon/htp/hvx-fa-kernels.h
 create mode 100644 ggml/src/ggml-hexagon/htp/hvx-flash-attn.h
 create mode 100644 ggml/src/ggml-hexagon/htp/hvx-log.h
 create mode 100644 ggml/src/ggml-hexagon/htp/hvx-mm-kernels-flat.h
 create mode 100644 ggml/src/ggml-hexagon/htp/hvx-mm-kernels-tiled.h
 create mode 100644 ggml/src/ggml-hexagon/htp/hvx-norm.h
 create mode 100644 ggml/src/ggml-hexagon/htp/hvx-pow.h
 create mode 100644 ggml/src/ggml-hexagon/htp/hvx-sin-cos.h
 create mode 100644 ggml/src/ggml-hexagon/htp/matmul-ops.h
 create mode 100644 ggml/src/ggml-hexagon/htp/pad-ops.c
 create mode 100644 ggml/src/ggml-hexagon/htp/unary-ops.h
 delete mode 100644 ggml/src/ggml-hexagon/htp/vtcm-utils.h
 create mode 100644 ggml/src/ggml-hexagon/htp/work-queue.c
 create mode 100644 ggml/src/ggml-hexagon/htp/work-queue.h
 delete mode 100644 ggml/src/ggml-hexagon/htp/worker-pool.c
 delete mode 100644 ggml/src/ggml-hexagon/htp/worker-pool.h
 delete mode 100644 ggml/src/ggml-hexagon/op-desc.h
 create mode 100644 ggml/src/ggml-opencl/fa_tune.h
 create mode 100644 ggml/src/ggml-opencl/kernels/abs.cl
 create mode 100644 ggml/src/ggml-opencl/kernels/flash_attn_f32_q4_0.cl
 create mode 100644 ggml/src/ggml-opencl/kernels/flash_attn_f32_q8_0.cl
 create mode 100644 ggml/src/ggml-opencl/kernels/flash_attn_pre_f16.cl
 create mode 100644 ggml/src/ggml-opencl/kernels/gated_delta_net.cl
 create mode 100644 ggml/src/ggml-opencl/kernels/gemm_moe_mxfp4_q8_1_dp4a.cl
 create mode 100644 ggml/src/ggml-opencl/kernels/gemm_moe_q4_0_q8_1_dp4a.cl
 create mode 100644 ggml/src/ggml-opencl/kernels/gemm_moe_q4_k_f32_ns.cl
 create mode 100644 ggml/src/ggml-opencl/kernels/gemm_moe_q4_k_q8_1_dp4a.cl
 create mode 100644 ggml/src/ggml-opencl/kernels/gemm_moe_q5_k_f32_ns.cl
 create mode 100644 ggml/src/ggml-opencl/kernels/gemm_moe_q6_k_f32_ns.cl
 create mode 100644 ggml/src/ggml-opencl/kernels/gemm_moe_q6_k_q8_1_dp4a.cl
 create mode 100644 ggml/src/ggml-opencl/kernels/gemm_moe_q8_0_f32_ns.cl
 create mode 100644 ggml/src/ggml-opencl/kernels/gemm_moe_q8_1_dp4a.cl
 create mode 100644 ggml/src/ggml-opencl/kernels/gemm_noshuffle_iq4_nl_q8_1_dp4a.cl
 create mode 100644 ggml/src/ggml-opencl/kernels/gemm_noshuffle_q1_0_f32.cl
 create mode 100644 ggml/src/ggml-opencl/kernels/gemm_noshuffle_q4_0_q8_1_dp4a.cl
 create mode 100644 ggml/src/ggml-opencl/kernels/gemm_noshuffle_q4_k_q8_1_dp4a.cl
 create mode 100644 ggml/src/ggml-opencl/kernels/gemm_noshuffle_q5_0_f32.cl
 create mode 100644 ggml/src/ggml-opencl/kernels/gemm_noshuffle_q5_0_q8_1_dp4a.cl
 create mode 100644 ggml/src/ggml-opencl/kernels/gemm_noshuffle_q5_1_f32.cl
 create mode 100644 ggml/src/ggml-opencl/kernels/gemm_noshuffle_q5_k_q8_1_dp4a.cl
 create mode 100644 ggml/src/ggml-opencl/kernels/gemm_noshuffle_q6_k_q8_1_dp4a.cl
 create mode 100644 ggml/src/ggml-opencl/kernels/gemm_noshuffle_q8_0_q8_1_dp4a.cl
 create mode 100644 ggml/src/ggml-opencl/kernels/gemv_moe_q4_k_f32_ns.cl
 create mode 100644 ggml/src/ggml-opencl/kernels/gemv_moe_q5_k_f32_ns.cl
 create mode 100644 ggml/src/ggml-opencl/kernels/gemv_moe_q6_k_f32_ns.cl
 create mode 100644 ggml/src/ggml-opencl/kernels/gemv_noshuffle_q1_0_f32.cl
 create mode 100644 ggml/src/ggml-opencl/kernels/gemv_noshuffle_q5_0_f32.cl
 create mode 100644 ggml/src/ggml-opencl/kernels/gemv_noshuffle_q5_1_f32.cl
 create mode 100644 ggml/src/ggml-opencl/kernels/moe_combine.cl
 create mode 100644 ggml/src/ggml-opencl/kernels/moe_reorder_quant_a_q8_1.cl
 create mode 100644 ggml/src/ggml-opencl/kernels/mul_mm_q1_0_f32_l4_lm.cl
 create mode 100644 ggml/src/ggml-opencl/kernels/mul_mm_q5_0_f32_l4_lm.cl
 create mode 100644 ggml/src/ggml-opencl/kernels/mul_mm_q5_1_f32_l4_lm.cl
 create mode 100644 ggml/src/ggml-opencl/kernels/mul_mv_q1_0_f32.cl
 create mode 100644 ggml/src/ggml-opencl/kernels/mul_mv_q1_0_f32_flat.cl
 create mode 100644 ggml/src/ggml-opencl/kernels/mul_mv_q5_0_f32.cl
 create mode 100644 ggml/src/ggml-opencl/kernels/mul_mv_q5_0_f32_flat.cl
 create mode 100644 ggml/src/ggml-opencl/kernels/mul_mv_q5_1_f32.cl
 create mode 100644 ggml/src/ggml-opencl/kernels/mul_mv_q5_1_f32_flat.cl
 create mode 100644 ggml/src/ggml-opencl/kernels/quant_a_q8_1.cl
 create mode 100644 ggml/src/ggml-opencl/libdl.h
 create mode 100644 ggml/src/ggml-openvino/openvino/op/add_id.cpp
 create mode 100644 ggml/src/ggml-openvino/openvino/op/argsort.cpp
 create mode 100644 ggml/src/ggml-openvino/openvino/op/clamp.cpp
 create mode 100644 ggml/src/ggml-openvino/openvino/op/concat.cpp
 create mode 100644 ggml/src/ggml-openvino/openvino/op/div.cpp
 create mode 100644 ggml/src/ggml-openvino/openvino/op/gated_delta_net.cpp
 create mode 100644 ggml/src/ggml-openvino/openvino/op/gated_delta_net.hpp
 create mode 100644 ggml/src/ggml-openvino/openvino/op/im2col.cpp
 create mode 100644 ggml/src/ggml-openvino/openvino/op/l2_norm.cpp
 create mode 100644 ggml/src/ggml-openvino/openvino/op/mul_mat_id.cpp
 create mode 100644 ggml/src/ggml-openvino/openvino/op/norm.cpp
 create mode 100644 ggml/src/ggml-openvino/openvino/op/pad.cpp
 create mode 100644 ggml/src/ggml-openvino/openvino/op/repeat.cpp
 create mode 100644 ggml/src/ggml-openvino/openvino/op/ssm_conv.cpp
 create mode 100644 ggml/src/ggml-openvino/openvino/op/sum_rows.cpp
 delete mode 100644 ggml/src/ggml-openvino/openvino/op/unary_gelu.cpp
 create mode 100644 ggml/src/ggml-openvino/openvino/op/unary_softplus.cpp
 create mode 100644 ggml/src/ggml-sycl/col2im-1d.cpp
 create mode 100644 ggml/src/ggml-sycl/col2im-1d.hpp
 create mode 100644 ggml/src/ggml-sycl/conv2d-dw.cpp
 create mode 100644 ggml/src/ggml-sycl/conv2d-dw.hpp
 create mode 100644 ggml/src/ggml-sycl/conv2d-transpose.cpp
 create mode 100644 ggml/src/ggml-sycl/conv2d-transpose.hpp
 create mode 100644 ggml/src/ggml-sycl/conv2d.cpp
 create mode 100644 ggml/src/ggml-sycl/conv2d.hpp
 create mode 100644 ggml/src/ggml-sycl/conv3d.cpp
 create mode 100644 ggml/src/ggml-sycl/conv3d.hpp
 create mode 100644 ggml/src/ggml-sycl/cross_entropy_loss.cpp
 create mode 100644 ggml/src/ggml-sycl/cross_entropy_loss.hpp
 create mode 100644 ggml/src/ggml-sycl/fattn-onednn.cpp
 create mode 100644 ggml/src/ggml-sycl/fattn-onednn.hpp
 create mode 100644 ggml/src/ggml-sycl/pool.cpp
 create mode 100644 ggml/src/ggml-sycl/pool.hpp
 create mode 100644 ggml/src/ggml-sycl/topk-moe.cpp
 create mode 100644 ggml/src/ggml-sycl/topk-moe.hpp
 delete mode 100644 ggml/src/ggml-vulkan/vulkan-shaders/abs.comp
 delete mode 100644 ggml/src/ggml-vulkan/vulkan-shaders/ceil.comp
 delete mode 100644 ggml/src/ggml-vulkan/vulkan-shaders/clamp.comp
 create mode 100644 ggml/src/ggml-vulkan/vulkan-shaders/col2im_1d.comp
 create mode 100644 ggml/src/ggml-vulkan/vulkan-shaders/conv3d_mm.comp
 delete mode 100644 ggml/src/ggml-vulkan/vulkan-shaders/cos.comp
 create mode 100644 ggml/src/ggml-vulkan/vulkan-shaders/dequant_q2_0.comp
 create mode 100644 ggml/src/ggml-vulkan/vulkan-shaders/dot_product_funcs.glsl
 delete mode 100644 ggml/src/ggml-vulkan/vulkan-shaders/elu.comp
 delete mode 100644 ggml/src/ggml-vulkan/vulkan-shaders/exp.comp
 create mode 100644 ggml/src/ggml-vulkan/vulkan-shaders/feature-tests/coopmat2_decode_vector.comp
 create mode 100644 ggml/src/ggml-vulkan/vulkan-shaders/feature-tests/float_e2m1.comp
 create mode 100644 ggml/src/ggml-vulkan/vulkan-shaders/feature-tests/float_e4m3.comp
 delete mode 100644 ggml/src/ggml-vulkan/vulkan-shaders/floor.comp
 create mode 100644 ggml/src/ggml-vulkan/vulkan-shaders/fwht.comp
 delete mode 100644 ggml/src/ggml-vulkan/vulkan-shaders/gelu.comp
 delete mode 100644 ggml/src/ggml-vulkan/vulkan-shaders/gelu_erf.comp
 delete mode 100644 ggml/src/ggml-vulkan/vulkan-shaders/gelu_quick.comp
 create mode 100644 ggml/src/ggml-vulkan/vulkan-shaders/get_rows_back.comp
 delete mode 100644 ggml/src/ggml-vulkan/vulkan-shaders/hardsigmoid.comp
 delete mode 100644 ggml/src/ggml-vulkan/vulkan-shaders/hardswish.comp
 delete mode 100644 ggml/src/ggml-vulkan/vulkan-shaders/leaky_relu.comp
 delete mode 100644 ggml/src/ggml-vulkan/vulkan-shaders/neg.comp
 create mode 100644 ggml/src/ggml-vulkan/vulkan-shaders/out_prod.comp
 delete mode 100644 ggml/src/ggml-vulkan/vulkan-shaders/relu.comp
 delete mode 100644 ggml/src/ggml-vulkan/vulkan-shaders/round.comp
 delete mode 100644 ggml/src/ggml-vulkan/vulkan-shaders/sgn.comp
 delete mode 100644 ggml/src/ggml-vulkan/vulkan-shaders/sigmoid.comp
 delete mode 100644 ggml/src/ggml-vulkan/vulkan-shaders/silu.comp
 delete mode 100644 ggml/src/ggml-vulkan/vulkan-shaders/sin.comp
 create mode 100644 ggml/src/ggml-vulkan/vulkan-shaders/snake.comp
 delete mode 100644 ggml/src/ggml-vulkan/vulkan-shaders/softplus.comp
 delete mode 100644 ggml/src/ggml-vulkan/vulkan-shaders/sqrt.comp
 delete mode 100644 ggml/src/ggml-vulkan/vulkan-shaders/square.comp
 delete mode 100644 ggml/src/ggml-vulkan/vulkan-shaders/step.comp
 delete mode 100644 ggml/src/ggml-vulkan/vulkan-shaders/tanh.comp
 delete mode 100644 ggml/src/ggml-vulkan/vulkan-shaders/trunc.comp
 create mode 100644 ggml/src/ggml-vulkan/vulkan-shaders/unary.comp
 delete mode 100644 ggml/src/ggml-vulkan/vulkan-shaders/xielu.comp
 create mode 100644 ggml/src/ggml-webgpu/wgsl-shaders/flash_attn_quant_staging.tmpl
 delete mode 100644 ggml/src/ggml-webgpu/wgsl-shaders/mul_mat.wgsl
 create mode 100644 ggml/src/ggml-webgpu/wgsl-shaders/mul_mat_vec_q_acc.tmpl
 create mode 100644 ggml/src/ggml-webgpu/wgsl-shaders/quant_inner_loops.tmpl
 create mode 100644 ggml/src/ggml-webgpu/wgsl-shaders/quantize_q8.wgsl
 create mode 100644 ggml/src/ggml-webgpu/wgsl-shaders/set_rows_quant.wgsl
 create mode 100644 models/templates/Cohere2MoE.jinja
 create mode 100644 models/templates/LFM2.5-8B-A1B.jinja
 create mode 100644 models/templates/deepseek-ai-DeepSeek-V4.jinja
 create mode 100644 models/templates/ibm-granite-granite-4.1.jinja
 create mode 100644 models/templates/openbmb-MiniCPM5-1B.jinja
 delete mode 100644 models/templates/stepfun-ai-Step-3.5-Flash.jinja
 create mode 100644 models/templates/tencent-Hy3.jinja
 create mode 100755 scripts/snapdragon/ggml-hexagon-trace.py
 create mode 100644 scripts/snapdragon/qdc/tests/linux/run_linux.sh
 create mode 100644 scripts/ui-assets.cmake
 delete mode 100644 scripts/webui-download.cmake
 delete mode 100644 scripts/xxd.cmake
 create mode 100644 src/llama-kv-cache-dsa.cpp
 create mode 100644 src/llama-kv-cache-dsa.h
 create mode 100644 src/llama-kv-cache-dsv4.cpp
 create mode 100644 src/llama-kv-cache-dsv4.h
 create mode 100644 src/models/cohere2moe.cpp
 create mode 100644 src/models/deepseek32.cpp
 create mode 100644 src/models/deepseek4.cpp
 create mode 100644 src/models/dflash.cpp
 create mode 100644 src/models/eagle3.cpp
 create mode 100644 src/models/gemma4-assistant.cpp
 create mode 100644 src/models/hy-v3.cpp
 create mode 100644 src/models/mellum.cpp
 create mode 100644 src/models/talkie.cpp
 create mode 100644 tests/test-batch-alloc.cpp
 create mode 100644 tests/test-col2im-1d.cpp
 rename tests/{export-graph-ops.cpp => test-export-graph-ops.cpp} (97%)
 delete mode 100644 tests/test-json-partial.cpp
 create mode 100644 tests/test-recurrent-state-rollback.cpp
 delete mode 100644 tests/test-regex-partial.cpp
 create mode 100644 tests/test-save-load-state.cpp
 create mode 100644 tools/batched-bench/main.cpp
 create mode 100644 tools/cli/cli-client.cpp
 create mode 100644 tools/cli/cli-client.h
 create mode 100644 tools/cli/cli-context.cpp
 create mode 100644 tools/cli/cli-context.h
 create mode 100644 tools/cli/cli-server.h
 create mode 100644 tools/cli/cli-ui.h
 create mode 100644 tools/cli/main.cpp
 create mode 100644 tools/completion/main.cpp
 create mode 100644 tools/fit-params/main.cpp
 create mode 100644 tools/llama-bench/main.cpp
 create mode 100644 tools/mtmd/README-dev.md
 create mode 100644 tools/mtmd/models/deepseekocr2.cpp
 create mode 100644 tools/mtmd/models/exaone4_5.cpp
 create mode 100644 tools/mtmd/models/gemma4ua.cpp
 create mode 100644 tools/mtmd/models/gemma4uv.cpp
 create mode 100644 tools/mtmd/models/granite4-vision.cpp
 rename tools/mtmd/models/{hunyuanocr.cpp => hunyuanvl.cpp} (70%)
 create mode 100644 tools/mtmd/test-3.mp4
 delete mode 100644 tools/mtmd/tests/test-1-extracted.md
 delete mode 100644 tools/mtmd/tests/test-1-extracted.txt
 create mode 100644 tools/mtmd/tests/test-1-ground-truth.txt
 create mode 100644 tools/mtmd/tests/test-1-positive.png
 create mode 100644 tools/perplexity/main.cpp
 create mode 100644 tools/quantize/main.cpp
 create mode 100644 tools/server/bench/speed-bench/README.md
 create mode 100644 tools/server/bench/speed-bench/requirements.txt
 create mode 100644 tools/server/bench/speed-bench/speed_bench.py
 create mode 100644 tools/server/bench/speed-bench/speed_bench_compare.py
 delete mode 100755 tools/server/chat-llama2.sh
 delete mode 100644 tools/server/chat.mjs
 delete mode 100755 tools/server/chat.sh
 create mode 100644 tools/server/main.cpp
 create mode 100644 tools/server/server-schema.cpp
 create mode 100644 tools/server/server-schema.h
 create mode 100644 tools/server/server-stream.cpp
 create mode 100644 tools/server/server-stream.h
 create mode 100755 tools/server/tests/unit/test_tools_builtin.py
 delete mode 100644 tools/server/webui/.npmrc
 delete mode 100644 tools/server/webui/package.json
 delete mode 100644 tools/server/webui/playwright.config.ts
 delete mode 100755 tools/server/webui/scripts/install-git-hooks.sh
 delete mode 100755 tools/server/webui/scripts/post-build.sh
 delete mode 100644 tools/server/webui/scripts/vite-plugin-llama-cpp-build.ts
 delete mode 100644 tools/server/webui/src/app.html
 delete mode 100644 tools/server/webui/src/lib/components/app/actions/ActionIcon.svelte
 delete mode 100644 tools/server/webui/src/lib/components/app/chat/ChatForm/ChatFormActions/ChatFormActionAdd/ChatFormActionAddDropdown.svelte
 delete mode 100644 tools/server/webui/src/lib/components/app/chat/ChatForm/ChatFormActions/ChatFormActionAdd/ChatFormActionAddSheet.svelte
 delete mode 100644 tools/server/webui/src/lib/components/app/chat/ChatMessages/ChatMessage/ChatMessageAssistant/ChatMessageAssistant.svelte
 delete mode 100644 tools/server/webui/src/lib/components/app/chat/ChatMessages/ChatMessage/ChatMessageUser/ChatMessageUser.svelte
 delete mode 100644 tools/server/webui/src/lib/components/app/chat/ChatMessages/ChatMessageAgenticContent.svelte
 delete mode 100644 tools/server/webui/src/lib/components/app/chat/ChatScreen/ChatScreen.svelte
 delete mode 100644 tools/server/webui/src/lib/components/app/chat/ChatScreen/ChatScreenProcessingInfo.svelte
 delete mode 100644 tools/server/webui/src/lib/components/app/content/CollapsibleContentBlock.svelte
 delete mode 100644 tools/server/webui/src/lib/components/app/content/MarkdownContent/plugins/rehype/enhance-code-blocks.ts
 delete mode 100644 tools/server/webui/src/lib/components/app/content/SyntaxHighlightedCode.svelte
 delete mode 100644 tools/server/webui/src/lib/components/app/dialogs/DialogMcpServerAddNew.svelte
 delete mode 100644 tools/server/webui/src/lib/components/app/mcp/McpServerForm.svelte
 delete mode 100644 tools/server/webui/src/lib/components/app/navigation/DesktopIconStrip.svelte
 delete mode 100644 tools/server/webui/src/lib/components/app/navigation/SidebarNavigation/SidebarNavigation.svelte
 delete mode 100644 tools/server/webui/src/lib/components/app/navigation/SidebarNavigation/SidebarNavigationActions.svelte
 delete mode 100644 tools/server/webui/src/lib/components/app/settings/SettingsChat/SettingsChatFields.svelte
 delete mode 100644 tools/server/webui/src/lib/components/app/settings/SettingsMcpServers.svelte
 delete mode 100644 tools/server/webui/src/lib/components/ui/sidebar/constants.ts
 delete mode 100644 tools/server/webui/src/lib/components/ui/sidebar/context.svelte.ts
 delete mode 100644 tools/server/webui/src/lib/components/ui/sidebar/index.ts
 delete mode 100644 tools/server/webui/src/lib/components/ui/sidebar/sidebar-group-action.svelte
 delete mode 100644 tools/server/webui/src/lib/components/ui/sidebar/sidebar-group-label.svelte
 delete mode 100644 tools/server/webui/src/lib/components/ui/sidebar/sidebar-input.svelte
 delete mode 100644 tools/server/webui/src/lib/components/ui/sidebar/sidebar-inset.svelte
 delete mode 100644 tools/server/webui/src/lib/components/ui/sidebar/sidebar-menu-action.svelte
 delete mode 100644 tools/server/webui/src/lib/components/ui/sidebar/sidebar-menu-badge.svelte
 delete mode 100644 tools/server/webui/src/lib/components/ui/sidebar/sidebar-menu-button.svelte
 delete mode 100644 tools/server/webui/src/lib/components/ui/sidebar/sidebar-menu-item.svelte
 delete mode 100644 tools/server/webui/src/lib/components/ui/sidebar/sidebar-menu-skeleton.svelte
 delete mode 100644 tools/server/webui/src/lib/components/ui/sidebar/sidebar-menu-sub-button.svelte
 delete mode 100644 tools/server/webui/src/lib/components/ui/sidebar/sidebar-menu-sub-item.svelte
 delete mode 100644 tools/server/webui/src/lib/components/ui/sidebar/sidebar-menu-sub.svelte
 delete mode 100644 tools/server/webui/src/lib/components/ui/sidebar/sidebar-menu.svelte
 delete mode 100644 tools/server/webui/src/lib/components/ui/sidebar/sidebar-provider.svelte
 delete mode 100644 tools/server/webui/src/lib/components/ui/sidebar/sidebar-rail.svelte
 delete mode 100644 tools/server/webui/src/lib/components/ui/sidebar/sidebar-separator.svelte
 delete mode 100644 tools/server/webui/src/lib/components/ui/sidebar/sidebar-trigger.svelte
 delete mode 100644 tools/server/webui/src/lib/components/ui/sidebar/sidebar.svelte
 delete mode 100644 tools/server/webui/src/lib/constants/api-endpoints.ts
 delete mode 100644 tools/server/webui/src/lib/constants/auto-scroll.ts
 delete mode 100644 tools/server/webui/src/lib/constants/code.ts
 delete mode 100644 tools/server/webui/src/lib/constants/icons.ts
 delete mode 100644 tools/server/webui/src/lib/constants/localstorage-keys.ts
 delete mode 100644 tools/server/webui/src/lib/constants/tools.ts
 delete mode 100644 tools/server/webui/src/lib/contexts/processing-info.context.ts
 delete mode 100644 tools/server/webui/src/lib/enums/agentic.ts
 delete mode 100644 tools/server/webui/src/lib/enums/tools.ts
 delete mode 100644 tools/server/webui/src/lib/hooks/is-mobile.svelte.ts
 delete mode 100644 tools/server/webui/src/lib/services/tools.service.ts
 delete mode 100644 tools/server/webui/src/lib/stores/tools.svelte.ts
 delete mode 100644 tools/server/webui/src/lib/utils/agentic.ts
 delete mode 100644 tools/server/webui/src/lib/utils/url.ts
 delete mode 100644 tools/server/webui/src/routes/+layout.svelte
 delete mode 100644 tools/server/webui/static/favicon.svg
 delete mode 100644 tools/server/webui/static/loading.html
 delete mode 100644 tools/server/webui/tests/e2e/demo.test.ts
 delete mode 100644 tools/server/webui/vitest-setup-client.ts
 create mode 100644 tools/ui/.env.example
 rename tools/{server/webui => ui}/.gitignore (63%)
 create mode 100644 tools/ui/.npmrc
 rename tools/{server/webui => ui}/.prettierignore (56%)
 rename tools/{server/webui => ui}/.prettierrc (100%)
 rename tools/{server/webui => ui}/.storybook/decorators/ModeWatcherDecorator.svelte (100%)
 rename tools/{server/webui => ui}/.storybook/decorators/TooltipProviderDecorator.svelte (100%)
 rename tools/{server/webui => ui}/.storybook/main.ts (100%)
 rename tools/{server/webui => ui}/.storybook/preview.ts (100%)
 rename tools/{server/webui => ui}/.storybook/vitest.setup.ts (100%)
 create mode 100644 tools/ui/CMakeLists.txt
 rename tools/{server/webui => ui}/README.md (94%)
 rename tools/{server/webui => ui}/components.json (100%)
 rename tools/{server/webui => ui}/docs/architecture/high-level-architecture-simplified.md (100%)
 rename tools/{server/webui => ui}/docs/architecture/high-level-architecture.md (100%)
 rename tools/{server/webui => ui}/docs/flows/chat-flow.md (100%)
 rename tools/{server/webui => ui}/docs/flows/conversations-flow.md (100%)
 rename tools/{server/webui => ui}/docs/flows/data-flow-simplified-model-mode.md (100%)
 rename tools/{server/webui => ui}/docs/flows/data-flow-simplified-router-mode.md (100%)
 rename tools/{server/webui => ui}/docs/flows/database-flow.md (100%)
 rename tools/{server/webui => ui}/docs/flows/mcp-flow.md (100%)
 rename tools/{server/webui => ui}/docs/flows/models-flow.md (100%)
 rename tools/{server/webui => ui}/docs/flows/server-flow.md (100%)
 rename tools/{server/webui => ui}/docs/flows/settings-flow.md (98%)
 create mode 100644 tools/ui/embed.cpp
 rename tools/{server/webui => ui}/eslint.config.js (69%)
 rename tools/{server/webui => ui}/package-lock.json (50%)
 create mode 100644 tools/ui/package.json
 create mode 100644 tools/ui/playwright.config.ts
 create mode 100644 tools/ui/pwa-assets-dark.config.ts
 create mode 100644 tools/ui/pwa-assets.config.ts
 rename tools/{server/webui => ui}/scripts/dev.sh (78%)
 create mode 100644 tools/ui/scripts/favicon-colorize.ts
 create mode 100755 tools/ui/scripts/git-hooks/install.sh
 create mode 100755 tools/ui/scripts/git-hooks/pre-commit.sh
 create mode 100755 tools/ui/scripts/git-hooks/pre-push.sh
 create mode 100644 tools/ui/scripts/make-icons-circular.js
 create mode 100644 tools/ui/scripts/vite-plugin-build-info.ts
 create mode 100644 tools/ui/scripts/vite-plugin-relativize-base.ts
 create mode 100644 tools/ui/scripts/vite-plugin-splash-screen.ts
 create mode 100644 tools/ui/sources.cmake
 create mode 100644 tools/ui/src/.gitignore
 rename tools/{server/webui => ui}/src/app.css (85%)
 rename tools/{server/webui => ui}/src/app.d.ts (89%)
 create mode 100644 tools/ui/src/app.html
 rename tools/{server/webui => ui}/src/lib/actions/fade-in-view.svelte.ts (74%)
 create mode 100644 tools/ui/src/lib/assets/logo.svg
 rename tools/{server/webui => ui}/src/lib/components/app/SKILL.md (100%)
 create mode 100644 tools/ui/src/lib/components/app/actions/ActionIcon.svelte
 rename tools/{server/webui => ui}/src/lib/components/app/actions/ActionIconCopyToClipboard.svelte (80%)
 rename tools/{server/webui => ui}/src/lib/components/app/actions/index.ts (100%)
 rename tools/{server/webui => ui}/src/lib/components/app/badges/BadgeInfo.svelte (65%)
 rename tools/{server/webui => ui}/src/lib/components/app/badges/BadgesModality.svelte (73%)
 rename tools/{server/webui => ui}/src/lib/components/app/badges/index.ts (100%)
 rename tools/{server/webui => ui}/src/lib/components/app/chat/ChatAttachments/ChatAttachmentsList/ChatAttachmentsList.svelte (100%)
 rename tools/{server/webui => ui}/src/lib/components/app/chat/ChatAttachments/ChatAttachmentsList/ChatAttachmentsListItem/ChatAttachmentsListItem.svelte (100%)
 rename tools/{server/webui => ui}/src/lib/components/app/chat/ChatAttachments/ChatAttachmentsList/ChatAttachmentsListItem/ChatAttachmentsListItemMcpPrompt.svelte (100%)
 rename tools/{server/webui => ui}/src/lib/components/app/chat/ChatAttachments/ChatAttachmentsList/ChatAttachmentsListItem/ChatAttachmentsListItemMcpResource.svelte (100%)
 rename tools/{server/webui => ui}/src/lib/components/app/chat/ChatAttachments/ChatAttachmentsList/ChatAttachmentsListItem/ChatAttachmentsListItemThumbnailFile.svelte (87%)
 rename tools/{server/webui => ui}/src/lib/components/app/chat/ChatAttachments/ChatAttachmentsList/ChatAttachmentsListItem/ChatAttachmentsListItemThumbnailImage.svelte (93%)
 rename tools/{server/webui => ui}/src/lib/components/app/chat/ChatAttachments/ChatAttachmentsPreview.svelte (88%)
 rename tools/{server/webui => ui}/src/lib/components/app/chat/ChatAttachments/ChatAttachmentsPreview/ChatAttachmentsPreviewCurrentItem/ChatAttachmentsPreviewCurrentItem.svelte (79%)
 rename tools/{server/webui => ui}/src/lib/components/app/chat/ChatAttachments/ChatAttachmentsPreview/ChatAttachmentsPreviewCurrentItem/ChatAttachmentsPreviewCurrentItemAudio.svelte (100%)
 rename tools/{server/webui => ui}/src/lib/components/app/chat/ChatAttachments/ChatAttachmentsPreview/ChatAttachmentsPreviewCurrentItem/ChatAttachmentsPreviewCurrentItemImage.svelte (100%)
 rename tools/{server/webui => ui}/src/lib/components/app/chat/ChatAttachments/ChatAttachmentsPreview/ChatAttachmentsPreviewCurrentItem/ChatAttachmentsPreviewCurrentItemPdf.svelte (94%)
 rename tools/{server/webui => ui}/src/lib/components/app/chat/ChatAttachments/ChatAttachmentsPreview/ChatAttachmentsPreviewCurrentItem/ChatAttachmentsPreviewCurrentItemText.svelte (100%)
 rename tools/{server/webui => ui}/src/lib/components/app/chat/ChatAttachments/ChatAttachmentsPreview/ChatAttachmentsPreviewCurrentItem/ChatAttachmentsPreviewCurrentItemUnavailable.svelte (100%)
 create mode 100644 tools/ui/src/lib/components/app/chat/ChatAttachments/ChatAttachmentsPreview/ChatAttachmentsPreviewCurrentItem/ChatAttachmentsPreviewCurrentItemVideo.svelte
 rename tools/{server/webui => ui}/src/lib/components/app/chat/ChatAttachments/ChatAttachmentsPreview/ChatAttachmentsPreviewFileInfo.svelte (100%)
 rename tools/{server/webui => ui}/src/lib/components/app/chat/ChatAttachments/ChatAttachmentsPreview/ChatAttachmentsPreviewNavButtons.svelte (100%)
 rename tools/{server/webui => ui}/src/lib/components/app/chat/ChatAttachments/ChatAttachmentsPreview/ChatAttachmentsPreviewThumbnailStrip.svelte (82%)
 rename tools/{server/webui => ui}/src/lib/components/app/chat/ChatForm/ChatForm.svelte (98%)
 rename tools/{server/webui => ui}/src/lib/components/app/chat/ChatForm/ChatFormActions/ChatFormActionAdd/ChatFormActionAddButton.svelte (79%)
 create mode 100644 tools/ui/src/lib/components/app/chat/ChatForm/ChatFormActions/ChatFormActionAdd/ChatFormActionAddDropdown.svelte
 rename tools/{server/webui => ui}/src/lib/components/app/chat/ChatForm/ChatFormActions/ChatFormActionAdd/ChatFormActionAddMcpServersSubmenu.svelte (90%)
 create mode 100644 tools/ui/src/lib/components/app/chat/ChatForm/ChatFormActions/ChatFormActionAdd/ChatFormActionAddReasoningSubmenu.svelte
 create mode 100644 tools/ui/src/lib/components/app/chat/ChatForm/ChatFormActions/ChatFormActionAdd/ChatFormActionAddSheet.svelte
 rename tools/{server/webui => ui}/src/lib/components/app/chat/ChatForm/ChatFormActions/ChatFormActionAdd/ChatFormActionAddToolsSubmenu.svelte (70%)
 rename tools/{server/webui => ui}/src/lib/components/app/chat/ChatForm/ChatFormActions/ChatFormActionAdd/ChatFormActionsAdd.svelte (87%)
 rename tools/{server/webui => ui}/src/lib/components/app/chat/ChatForm/ChatFormActions/ChatFormActionModels.svelte (76%)
 rename tools/{server/webui => ui}/src/lib/components/app/chat/ChatForm/ChatFormActions/ChatFormActionRecord.svelte (86%)
 rename tools/{server/webui => ui}/src/lib/components/app/chat/ChatForm/ChatFormActions/ChatFormActionSubmit.svelte (95%)
 rename tools/{server/webui => ui}/src/lib/components/app/chat/ChatForm/ChatFormActions/ChatFormActions.svelte (55%)
 create mode 100644 tools/ui/src/lib/components/app/chat/ChatForm/ChatFormActions/ChatFormReasoningEffortSubmenu.svelte
 create mode 100644 tools/ui/src/lib/components/app/chat/ChatForm/ChatFormContextGauge/ChatFormContextGauge.svelte
 create mode 100644 tools/ui/src/lib/components/app/chat/ChatForm/ChatFormContextGauge/ContextGaugeDetailRow.svelte
 create mode 100644 tools/ui/src/lib/components/app/chat/ChatForm/ChatFormContextGauge/ContextGaugeDetails.svelte
 create mode 100644 tools/ui/src/lib/components/app/chat/ChatForm/ChatFormContextGauge/ContextGaugeDial.svelte
 create mode 100644 tools/ui/src/lib/components/app/chat/ChatForm/ChatFormContextGauge/ContextGaugeLoadModel.svelte
 create mode 100644 tools/ui/src/lib/components/app/chat/ChatForm/ChatFormContextGauge/context-gauge.ts
 rename tools/{server/webui => ui}/src/lib/components/app/chat/ChatForm/ChatFormFileInputInvisible.svelte (100%)
 rename tools/{server/webui => ui}/src/lib/components/app/chat/ChatForm/ChatFormMcpResourcesList.svelte (100%)
 rename tools/{server/webui => ui}/src/lib/components/app/chat/ChatForm/ChatFormPickers/ChatFormPicker/ChatFormPickerItemHeader.svelte (100%)
 rename tools/{server/webui => ui}/src/lib/components/app/chat/ChatForm/ChatFormPickers/ChatFormPicker/ChatFormPickerList.svelte (100%)
 rename tools/{server/webui => ui}/src/lib/components/app/chat/ChatForm/ChatFormPickers/ChatFormPicker/ChatFormPickerListItem.svelte (100%)
 rename tools/{server/webui => ui}/src/lib/components/app/chat/ChatForm/ChatFormPickers/ChatFormPicker/ChatFormPickerListItemSkeleton.svelte (100%)
 rename tools/{server/webui => ui}/src/lib/components/app/chat/ChatForm/ChatFormPickers/ChatFormPicker/ChatFormPickerPopover.svelte (100%)
 rename tools/{server/webui => ui}/src/lib/components/app/chat/ChatForm/ChatFormPickers/ChatFormPickerMcpPrompts/ChatFormPickerMcpPrompts.svelte (98%)
 rename tools/{server/webui => ui}/src/lib/components/app/chat/ChatForm/ChatFormPickers/ChatFormPickerMcpPrompts/ChatFormPromptPickerArgumentForm.svelte (100%)
 rename tools/{server/webui => ui}/src/lib/components/app/chat/ChatForm/ChatFormPickers/ChatFormPickerMcpPrompts/ChatFormPromptPickerArgumentInput.svelte (100%)
 rename tools/{server/webui => ui}/src/lib/components/app/chat/ChatForm/ChatFormPickers/ChatFormPickerMcpResources.svelte (99%)
 rename tools/{server/webui => ui}/src/lib/components/app/chat/ChatForm/ChatFormPickers/ChatFormPickers.svelte (100%)
 rename tools/{server/webui => ui}/src/lib/components/app/chat/ChatForm/ChatFormTextarea.svelte (91%)
 rename tools/{server/webui => ui}/src/lib/components/app/chat/ChatMessages/ChatMessage/ChatMessage.svelte (97%)
 create mode 100644 tools/ui/src/lib/components/app/chat/ChatMessages/ChatMessage/ChatMessageAssistant/ChatMessageAssistant.svelte
 create mode 100644 tools/ui/src/lib/components/app/chat/ChatMessages/ChatMessage/ChatMessageAssistant/ChatMessageAssistantModel.svelte
 create mode 100644 tools/ui/src/lib/components/app/chat/ChatMessages/ChatMessage/ChatMessageAssistant/ChatMessageAssistantProcessingInfo.svelte
 create mode 100644 tools/ui/src/lib/components/app/chat/ChatMessages/ChatMessage/ChatMessageAssistant/ChatMessageAssistantRawOutput.svelte
 create mode 100644 tools/ui/src/lib/components/app/chat/ChatMessages/ChatMessage/ChatMessageAssistant/ChatMessageAssistantStatistics.svelte
 rename tools/{server/webui => ui}/src/lib/components/app/chat/ChatMessages/ChatMessage/ChatMessageMcpPrompt/ChatMessageMcpPrompt.svelte (100%)
 rename tools/{server/webui => ui}/src/lib/components/app/chat/ChatMessages/ChatMessage/ChatMessageMcpPrompt/ChatMessageMcpPromptContent.svelte (100%)
 rename tools/{server/webui => ui}/src/lib/components/app/chat/ChatMessages/ChatMessage/ChatMessageSystem/ChatMessageSystem.svelte (98%)
 create mode 100644 tools/ui/src/lib/components/app/chat/ChatMessages/ChatMessage/ChatMessageToolCall/ChatMessageToolCallBlock.svelte
 create mode 100644 tools/ui/src/lib/components/app/chat/ChatMessages/ChatMessage/ChatMessageToolCall/ChatMessageToolCallBlockDefault.svelte
 create mode 100644 tools/ui/src/lib/components/app/chat/ChatMessages/ChatMessage/ChatMessageToolCall/ChatMessageToolCallBlockEditFile.svelte
 create mode 100644 tools/ui/src/lib/components/app/chat/ChatMessages/ChatMessage/ChatMessageToolCall/ChatMessageToolCallBlockExecShellCommand.svelte
 create mode 100644 tools/ui/src/lib/components/app/chat/ChatMessages/ChatMessage/ChatMessageToolCall/ChatMessageToolCallBlockFileGlobSearch.svelte
 create mode 100644 tools/ui/src/lib/components/app/chat/ChatMessages/ChatMessage/ChatMessageToolCall/ChatMessageToolCallBlockGetDatetime.svelte
 create mode 100644 tools/ui/src/lib/components/app/chat/ChatMessages/ChatMessage/ChatMessageToolCall/ChatMessageToolCallBlockGrepSearch.svelte
 create mode 100644 tools/ui/src/lib/components/app/chat/ChatMessages/ChatMessage/ChatMessageToolCall/ChatMessageToolCallBlockReadFile.svelte
 create mode 100644 tools/ui/src/lib/components/app/chat/ChatMessages/ChatMessage/ChatMessageToolCall/ChatMessageToolCallBlockRunJavascript.svelte
 create mode 100644 tools/ui/src/lib/components/app/chat/ChatMessages/ChatMessage/ChatMessageToolCall/ChatMessageToolCallBlockSearchResults.svelte
 create mode 100644 tools/ui/src/lib/components/app/chat/ChatMessages/ChatMessage/ChatMessageToolCall/ChatMessageToolCallBlockWriteFile.svelte
 create mode 100644 tools/ui/src/lib/components/app/chat/ChatMessages/ChatMessage/ChatMessageToolCall/ToolCallBlock.svelte
 create mode 100644 tools/ui/src/lib/components/app/chat/ChatMessages/ChatMessage/ChatMessageToolCall/parsers/_shared.ts
 create mode 100644 tools/ui/src/lib/components/app/chat/ChatMessages/ChatMessage/ChatMessageToolCall/parsers/edit-file.ts
 create mode 100644 tools/ui/src/lib/components/app/chat/ChatMessages/ChatMessage/ChatMessageToolCall/parsers/exec-shell-command.ts
 create mode 100644 tools/ui/src/lib/components/app/chat/ChatMessages/ChatMessage/ChatMessageToolCall/parsers/file-glob-search.ts
 create mode 100644 tools/ui/src/lib/components/app/chat/ChatMessages/ChatMessage/ChatMessageToolCall/parsers/grep-search.ts
 create mode 100644 tools/ui/src/lib/components/app/chat/ChatMessages/ChatMessage/ChatMessageToolCall/parsers/read-file.ts
 create mode 100644 tools/ui/src/lib/components/app/chat/ChatMessages/ChatMessage/ChatMessageToolCall/parsers/run-javascript.ts
 create mode 100644 tools/ui/src/lib/components/app/chat/ChatMessages/ChatMessage/ChatMessageToolCall/parsers/write-file.ts
 create mode 100644 tools/ui/src/lib/components/app/chat/ChatMessages/ChatMessage/ChatMessageUser/ChatMessageUser.svelte
 rename tools/{server/webui => ui}/src/lib/components/app/chat/ChatMessages/ChatMessage/ChatMessageUser/ChatMessageUserBubble.svelte (86%)
 rename tools/{server/webui => ui}/src/lib/components/app/chat/ChatMessages/ChatMessage/ChatMessageUser/ChatMessageUserPending.svelte (86%)
 rename tools/{server/webui => ui}/src/lib/components/app/chat/ChatMessages/ChatMessageActions/ChatMessageActionCard/ChatMessageActionCard.svelte (77%)
 rename tools/{server/webui => ui}/src/lib/components/app/chat/ChatMessages/ChatMessageActions/ChatMessageActionCard/ChatMessageActionCardContinueRequest.svelte (100%)
 rename tools/{server/webui => ui}/src/lib/components/app/chat/ChatMessages/ChatMessageActions/ChatMessageActionCard/ChatMessageActionCardPermissionRequest.svelte (71%)
 rename tools/{server/webui => ui}/src/lib/components/app/chat/ChatMessages/ChatMessageActions/ChatMessageActionIcons/ChatMessageActionIcons.svelte (100%)
 rename tools/{server/webui => ui}/src/lib/components/app/chat/ChatMessages/ChatMessageActions/ChatMessageActionIcons/ChatMessageActionIconsBranchingControls.svelte (100%)
 create mode 100644 tools/ui/src/lib/components/app/chat/ChatMessages/ChatMessageAgenticContent.svelte
 rename tools/{server/webui => ui}/src/lib/components/app/chat/ChatMessages/ChatMessageEditForm.svelte (100%)
 create mode 100644 tools/ui/src/lib/components/app/chat/ChatMessages/ChatMessageReasoningBlock.svelte
 rename tools/{server/webui => ui}/src/lib/components/app/chat/ChatMessages/ChatMessageStatistics/ChatMessageStatistics.svelte (67%)
 rename tools/{server/webui => ui}/src/lib/components/app/chat/ChatMessages/ChatMessageStatistics/ChatMessageStatisticsBadge.svelte (75%)
 rename tools/{server/webui => ui}/src/lib/components/app/chat/ChatMessages/ChatMessages.svelte (84%)
 create mode 100644 tools/ui/src/lib/components/app/chat/ChatScreen/ChatScreen.svelte
 create mode 100644 tools/ui/src/lib/components/app/chat/ChatScreen/ChatScreenActionScrollDown.svelte
 create mode 100644 tools/ui/src/lib/components/app/chat/ChatScreen/ChatScreenDialogsAndAlerts.svelte
 rename tools/{server/webui => ui}/src/lib/components/app/chat/ChatScreen/ChatScreenDragOverlay.svelte (100%)
 rename tools/{server/webui => ui}/src/lib/components/app/chat/ChatScreen/ChatScreenForm.svelte (75%)
 create mode 100644 tools/ui/src/lib/components/app/chat/ChatScreen/ChatScreenGreeting.svelte
 create mode 100644 tools/ui/src/lib/components/app/chat/ChatScreen/ChatScreenServerError.svelte
 create mode 100644 tools/ui/src/lib/components/app/chat/ChatScreen/ChatScreenStreamResumeStatus.svelte
 rename tools/{server/webui => ui}/src/lib/components/app/chat/index.ts (94%)
 create mode 100644 tools/ui/src/lib/components/app/content/CollapsibleContentBlock.svelte
 create mode 100644 tools/ui/src/lib/components/app/content/CollapsibleTerminalBlock.svelte
 rename tools/{server/webui => ui}/src/lib/components/app/content/MarkdownContent/MarkdownContent.svelte (54%)
 create mode 100644 tools/ui/src/lib/components/app/content/MarkdownContent/markdown-content.css
 create mode 100644 tools/ui/src/lib/components/app/content/MarkdownContent/markdown-handlers.ts
 create mode 100644 tools/ui/src/lib/components/app/content/MarkdownContent/markdown-utils.ts
 create mode 100644 tools/ui/src/lib/components/app/content/MarkdownContent/plugins/rehype/code-block-utils.ts
 create mode 100644 tools/ui/src/lib/components/app/content/MarkdownContent/plugins/rehype/enhance-code-blocks.ts
 rename tools/{server/webui => ui}/src/lib/components/app/content/MarkdownContent/plugins/rehype/enhance-links.ts (100%)
 create mode 100644 tools/ui/src/lib/components/app/content/MarkdownContent/plugins/rehype/enhance-mermaid-blocks.ts
 create mode 100644 tools/ui/src/lib/components/app/content/MarkdownContent/plugins/rehype/enhance-svg-blocks.ts
 create mode 100644 tools/ui/src/lib/components/app/content/MarkdownContent/plugins/rehype/mermaid-pre.ts
 create mode 100644 tools/ui/src/lib/components/app/content/MarkdownContent/plugins/rehype/pre-transform.ts
 rename tools/{server/webui => ui}/src/lib/components/app/content/MarkdownContent/plugins/rehype/rehype-rtl-support.ts (100%)
 rename tools/{server/webui => ui}/src/lib/components/app/content/MarkdownContent/plugins/rehype/resolve-attachment-images.ts (100%)
 create mode 100644 tools/ui/src/lib/components/app/content/MarkdownContent/plugins/rehype/svg-pre.ts
 rename tools/{server/webui => ui}/src/lib/components/app/content/MarkdownContent/plugins/rehype/table-html-restorer.ts (100%)
 rename tools/{server/webui => ui}/src/lib/components/app/content/MarkdownContent/plugins/remark/literal-html.ts (100%)
 create mode 100644 tools/ui/src/lib/components/app/content/MermaidPreview.svelte
 create mode 100644 tools/ui/src/lib/components/app/content/MermaidPreviewControls.svelte
 create mode 100644 tools/ui/src/lib/components/app/content/SyntaxHighlightedCode.svelte
 rename tools/{server/webui => ui}/src/lib/components/app/content/index.ts (69%)
 rename tools/{server/webui => ui}/src/lib/components/app/dialogs/DialogChatAttachmentsPreview.svelte (100%)
 rename tools/{server/webui => ui}/src/lib/components/app/dialogs/DialogChatError.svelte (100%)
 rename tools/{server/webui => ui}/src/lib/components/app/dialogs/DialogCodePreview.svelte (100%)
 rename tools/{server/webui => ui}/src/lib/components/app/dialogs/DialogConfirmation.svelte (100%)
 rename tools/{server/webui => ui}/src/lib/components/app/dialogs/DialogConversationSelection.svelte (100%)
 rename tools/{server/webui => ui}/src/lib/components/app/dialogs/DialogConversationTitleUpdate.svelte (100%)
 rename tools/{server/webui => ui}/src/lib/components/app/dialogs/DialogEmptyFileAlert.svelte (100%)
 rename tools/{server/webui => ui}/src/lib/components/app/dialogs/DialogExportSettings.svelte (100%)
 rename tools/{server/webui => ui}/src/lib/components/app/dialogs/DialogFileUploadError.svelte (100%)
 rename tools/{server/webui => ui}/src/lib/components/app/dialogs/DialogMcpResourcePreview.svelte (100%)
 rename tools/{server/webui => ui}/src/lib/components/app/dialogs/DialogMcpResourcesBrowser.svelte (96%)
 create mode 100644 tools/ui/src/lib/components/app/dialogs/DialogMcpServerAddNew.svelte
 create mode 100644 tools/ui/src/lib/components/app/dialogs/DialogMermaidPreview.svelte
 rename tools/{server/webui => ui}/src/lib/components/app/dialogs/DialogModelInformation.svelte (100%)
 rename tools/{server/webui => ui}/src/lib/components/app/dialogs/DialogModelNotAvailable.svelte (92%)
 rename tools/{server/webui => ui}/src/lib/components/app/dialogs/index.ts (93%)
 rename tools/{server/webui => ui}/src/lib/components/app/forms/InputWithSuggestions.svelte (100%)
 rename tools/{server/webui => ui}/src/lib/components/app/forms/KeyValuePairs.svelte (77%)
 rename tools/{server/webui => ui}/src/lib/components/app/forms/SearchInput.svelte (82%)
 rename tools/{server/webui => ui}/src/lib/components/app/forms/index.ts (100%)
 rename tools/{server/webui => ui}/src/lib/components/app/index.ts (100%)
 rename tools/{server/webui => ui}/src/lib/components/app/mcp/McpActiveServersAvatars.svelte (91%)
 rename tools/{server/webui => ui}/src/lib/components/app/mcp/McpCapabilitiesBadges.svelte (100%)
 rename tools/{server/webui => ui}/src/lib/components/app/mcp/McpConnectionLogs.svelte (100%)
 rename tools/{server/webui => ui}/src/lib/components/app/mcp/McpLogo.svelte (100%)
 rename tools/{server/webui => ui}/src/lib/components/app/mcp/McpResourcePreview.svelte (97%)
 rename tools/{server/webui => ui}/src/lib/components/app/mcp/McpResourceTemplateForm.svelte (100%)
 rename tools/{server/webui => ui}/src/lib/components/app/mcp/McpResourcesBrowser/McpResourcesBrowser.svelte (100%)
 rename tools/{server/webui => ui}/src/lib/components/app/mcp/McpResourcesBrowser/McpResourcesBrowserEmptyState.svelte (100%)
 rename tools/{server/webui => ui}/src/lib/components/app/mcp/McpResourcesBrowser/McpResourcesBrowserHeader.svelte (83%)
 rename tools/{server/webui => ui}/src/lib/components/app/mcp/McpResourcesBrowser/McpResourcesBrowserServerItem.svelte (98%)
 rename tools/{server/webui => ui}/src/lib/components/app/mcp/McpResourcesBrowser/mcp-resources-browser.ts (100%)
 rename tools/{server/webui => ui}/src/lib/components/app/mcp/McpServerCard/McpServerCard.svelte (92%)
 rename tools/{server/webui => ui}/src/lib/components/app/mcp/McpServerCard/McpServerCardActions.svelte (100%)
 create mode 100644 tools/ui/src/lib/components/app/mcp/McpServerCard/McpServerCardCompact.svelte
 rename tools/{server/webui => ui}/src/lib/components/app/mcp/McpServerCard/McpServerCardDeleteDialog.svelte (100%)
 rename tools/{server/webui => ui}/src/lib/components/app/mcp/McpServerCard/McpServerCardEditForm.svelte (50%)
 rename tools/{server/webui => ui}/src/lib/components/app/mcp/McpServerCard/McpServerCardHeader.svelte (100%)
 rename tools/{server/webui => ui}/src/lib/components/app/mcp/McpServerCard/McpServerCardToolsList.svelte (100%)
 rename tools/{server/webui => ui}/src/lib/components/app/mcp/McpServerCardSkeleton.svelte (100%)
 create mode 100644 tools/ui/src/lib/components/app/mcp/McpServerForm.svelte
 rename tools/{server/webui => ui}/src/lib/components/app/mcp/McpServerIdentity.svelte (81%)
 rename tools/{server/webui => ui}/src/lib/components/app/mcp/McpServerInfo.svelte (100%)
 rename tools/{server/webui => ui}/src/lib/components/app/mcp/index.ts (94%)
 rename tools/{server/webui => ui}/src/lib/components/app/misc/CodeBlockActions.svelte (100%)
 rename tools/{server/webui => ui}/src/lib/components/app/misc/ConversationSelection.svelte (100%)
 rename tools/{server/webui => ui}/src/lib/components/app/misc/HorizontalScrollCarousel.svelte (81%)
 rename tools/{server/webui => ui}/src/lib/components/app/misc/KeyboardShortcutInfo.svelte (100%)
 create mode 100644 tools/ui/src/lib/components/app/misc/Logo.svelte
 rename tools/{server/webui => ui}/src/lib/components/app/misc/TruncatedText.svelte (100%)
 rename tools/{server/webui => ui}/src/lib/components/app/misc/index.ts (87%)
 rename tools/{server/webui => ui}/src/lib/components/app/models/ModelBadge.svelte (83%)
 rename tools/{server/webui => ui}/src/lib/components/app/models/ModelId.svelte (88%)
 create mode 100644 tools/ui/src/lib/components/app/models/ModelLoadHighlight.svelte
 rename tools/{server/webui => ui}/src/lib/components/app/models/ModelsSelectorDropdown.svelte (62%)
 rename tools/{server/webui => ui}/src/lib/components/app/models/ModelsSelectorList.svelte (100%)
 rename tools/{server/webui => ui}/src/lib/components/app/models/ModelsSelectorOption.svelte (64%)
 rename tools/{server/webui => ui}/src/lib/components/app/models/ModelsSelectorSheet.svelte (77%)
 rename tools/{server/webui => ui}/src/lib/components/app/models/index.ts (98%)
 rename tools/{server/webui => ui}/src/lib/components/app/models/utils.ts (100%)
 rename tools/{server/webui => ui}/src/lib/components/app/navigation/DropdownMenuActions.svelte (68%)
 rename tools/{server/webui => ui}/src/lib/components/app/navigation/DropdownMenuSearchable.svelte (100%)
 create mode 100644 tools/ui/src/lib/components/app/navigation/SidebarNavigation/SidebarNavigation.svelte
 create mode 100644 tools/ui/src/lib/components/app/navigation/SidebarNavigation/SidebarNavigationActions.svelte
 rename tools/{server/webui => ui}/src/lib/components/app/navigation/SidebarNavigation/SidebarNavigationConversationItem.svelte (79%)
 create mode 100644 tools/ui/src/lib/components/app/navigation/SidebarNavigation/SidebarNavigationConversationList.svelte
 rename tools/{server/webui => ui}/src/lib/components/app/navigation/SidebarNavigation/SidebarNavigationSearch.svelte (77%)
 create mode 100644 tools/ui/src/lib/components/app/navigation/SidebarNavigation/SidebarNavigationSearchResults.svelte
 rename tools/{server/webui => ui}/src/lib/components/app/navigation/index.ts (72%)
 rename tools/{server/webui => ui}/src/lib/components/app/server/ServerErrorSplash.svelte (92%)
 rename tools/{server/webui => ui}/src/lib/components/app/server/ServerLoadingSplash.svelte (100%)
 rename tools/{server/webui => ui}/src/lib/components/app/server/ServerStatus.svelte (93%)
 rename tools/{server/webui => ui}/src/lib/components/app/server/index.ts (100%)
 rename tools/{server/webui => ui}/src/lib/components/app/settings/SettingsChat/SettingsChat.svelte (86%)
 create mode 100644 tools/ui/src/lib/components/app/settings/SettingsChat/SettingsChatFields.svelte
 rename tools/{server/webui => ui}/src/lib/components/app/settings/SettingsChat/SettingsChatImportExportSection.svelte (93%)
 rename tools/{server/webui => ui}/src/lib/components/app/settings/SettingsChat/SettingsChatImportExportTab.svelte (90%)
 rename tools/{server/webui => ui}/src/lib/components/app/settings/SettingsChat/SettingsChatParameterSourceIndicator.svelte (100%)
 rename tools/{server/webui => ui}/src/lib/components/app/settings/SettingsChat/SettingsChatToolsTab.svelte (75%)
 rename tools/{server/webui => ui}/src/lib/components/app/settings/SettingsChatDesktopSidebar.svelte (75%)
 rename tools/{server/webui => ui}/src/lib/components/app/settings/SettingsChatMobileHeader.svelte (91%)
 rename tools/{server/webui => ui}/src/lib/components/app/settings/SettingsFooter.svelte (100%)
 rename tools/{server/webui => ui}/src/lib/components/app/settings/SettingsGroup.svelte (100%)
 create mode 100644 tools/ui/src/lib/components/app/settings/SettingsMcpServers.svelte
 rename tools/{server/webui => ui}/src/lib/components/app/settings/index.ts (100%)
 create mode 100644 tools/ui/src/lib/components/pwa/PwaMetaTags.svelte
 create mode 100644 tools/ui/src/lib/components/pwa/PwaRefreshAlert.svelte
 create mode 100644 tools/ui/src/lib/components/pwa/index.ts
 rename tools/{server/webui => ui}/src/lib/components/ui/alert-dialog/alert-dialog-action.svelte (100%)
 rename tools/{server/webui => ui}/src/lib/components/ui/alert-dialog/alert-dialog-cancel.svelte (100%)
 rename tools/{server/webui => ui}/src/lib/components/ui/alert-dialog/alert-dialog-content.svelte (100%)
 rename tools/{server/webui => ui}/src/lib/components/ui/alert-dialog/alert-dialog-description.svelte (100%)
 rename tools/{server/webui => ui}/src/lib/components/ui/alert-dialog/alert-dialog-footer.svelte (100%)
 rename tools/{server/webui => ui}/src/lib/components/ui/alert-dialog/alert-dialog-header.svelte (100%)
 rename tools/{server/webui => ui}/src/lib/components/ui/alert-dialog/alert-dialog-overlay.svelte (100%)
 rename tools/{server/webui => ui}/src/lib/components/ui/alert-dialog/alert-dialog-title.svelte (100%)
 rename tools/{server/webui => ui}/src/lib/components/ui/alert-dialog/alert-dialog-trigger.svelte (100%)
 rename tools/{server/webui => ui}/src/lib/components/ui/alert-dialog/index.ts (100%)
 rename tools/{server/webui => ui}/src/lib/components/ui/alert/alert-description.svelte (100%)
 rename tools/{server/webui => ui}/src/lib/components/ui/alert/alert-title.svelte (100%)
 rename tools/{server/webui => ui}/src/lib/components/ui/alert/alert.svelte (100%)
 rename tools/{server/webui => ui}/src/lib/components/ui/alert/index.ts (100%)
 rename tools/{server/webui => ui}/src/lib/components/ui/badge/badge.svelte (100%)
 rename tools/{server/webui => ui}/src/lib/components/ui/badge/index.ts (100%)
 rename tools/{server/webui => ui}/src/lib/components/ui/button-group/button-group-root.svelte (100%)
 rename tools/{server/webui => ui}/src/lib/components/ui/button-group/button-group-separator.svelte (100%)
 rename tools/{server/webui => ui}/src/lib/components/ui/button-group/index.ts (100%)
 rename tools/{server/webui => ui}/src/lib/components/ui/button/button.svelte (98%)
 rename tools/{server/webui => ui}/src/lib/components/ui/button/index.ts (100%)
 rename tools/{server/webui => ui}/src/lib/components/ui/card/card-action.svelte (100%)
 rename tools/{server/webui => ui}/src/lib/components/ui/card/card-content.svelte (100%)
 rename tools/{server/webui => ui}/src/lib/components/ui/card/card-description.svelte (100%)
 rename tools/{server/webui => ui}/src/lib/components/ui/card/card-footer.svelte (100%)
 rename tools/{server/webui => ui}/src/lib/components/ui/card/card-header.svelte (100%)
 rename tools/{server/webui => ui}/src/lib/components/ui/card/card-title.svelte (100%)
 rename tools/{server/webui => ui}/src/lib/components/ui/card/card.svelte (100%)
 rename tools/{server/webui => ui}/src/lib/components/ui/card/index.ts (100%)
 rename tools/{server/webui => ui}/src/lib/components/ui/checkbox/checkbox.svelte (100%)
 rename tools/{server/webui => ui}/src/lib/components/ui/checkbox/index.ts (100%)
 rename tools/{server/webui => ui}/src/lib/components/ui/collapsible/collapsible-content.svelte (100%)
 rename tools/{server/webui => ui}/src/lib/components/ui/collapsible/collapsible-trigger.svelte (100%)
 rename tools/{server/webui => ui}/src/lib/components/ui/collapsible/collapsible.svelte (100%)
 rename tools/{server/webui => ui}/src/lib/components/ui/collapsible/index.ts (100%)
 rename tools/{server/webui => ui}/src/lib/components/ui/dialog/dialog-close.svelte (100%)
 rename tools/{server/webui => ui}/src/lib/components/ui/dialog/dialog-content.svelte (100%)
 rename tools/{server/webui => ui}/src/lib/components/ui/dialog/dialog-description.svelte (100%)
 rename tools/{server/webui => ui}/src/lib/components/ui/dialog/dialog-footer.svelte (100%)
 rename tools/{server/webui => ui}/src/lib/components/ui/dialog/dialog-header.svelte (100%)
 rename tools/{server/webui => ui}/src/lib/components/ui/dialog/dialog-overlay.svelte (100%)
 rename tools/{server/webui => ui}/src/lib/components/ui/dialog/dialog-title.svelte (100%)
 rename tools/{server/webui => ui}/src/lib/components/ui/dialog/dialog-trigger.svelte (100%)
 rename tools/{server/webui => ui}/src/lib/components/ui/dialog/index.ts (100%)
 rename tools/{server/webui => ui}/src/lib/components/ui/dropdown-menu/dropdown-menu-checkbox-item.svelte (100%)
 rename tools/{server/webui => ui}/src/lib/components/ui/dropdown-menu/dropdown-menu-content.svelte (100%)
 rename tools/{server/webui => ui}/src/lib/components/ui/dropdown-menu/dropdown-menu-group-heading.svelte (100%)
 rename tools/{server/webui => ui}/src/lib/components/ui/dropdown-menu/dropdown-menu-group.svelte (100%)
 rename tools/{server/webui => ui}/src/lib/components/ui/dropdown-menu/dropdown-menu-item.svelte (100%)
 rename tools/{server/webui => ui}/src/lib/components/ui/dropdown-menu/dropdown-menu-label.svelte (100%)
 rename tools/{server/webui => ui}/src/lib/components/ui/dropdown-menu/dropdown-menu-radio-group.svelte (100%)
 rename tools/{server/webui => ui}/src/lib/components/ui/dropdown-menu/dropdown-menu-radio-item.svelte (100%)
 rename tools/{server/webui => ui}/src/lib/components/ui/dropdown-menu/dropdown-menu-separator.svelte (100%)
 rename tools/{server/webui => ui}/src/lib/components/ui/dropdown-menu/dropdown-menu-shortcut.svelte (100%)
 rename tools/{server/webui => ui}/src/lib/components/ui/dropdown-menu/dropdown-menu-sub-content.svelte (100%)
 rename tools/{server/webui => ui}/src/lib/components/ui/dropdown-menu/dropdown-menu-sub-trigger.svelte (100%)
 rename tools/{server/webui => ui}/src/lib/components/ui/dropdown-menu/dropdown-menu-trigger.svelte (100%)
 rename tools/{server/webui => ui}/src/lib/components/ui/dropdown-menu/index.ts (100%)
 rename tools/{server/webui/src/lib/components/ui/sidebar/sidebar-content.svelte => ui/src/lib/components/ui/empty/empty-content.svelte} (61%)
 rename tools/{server/webui/src/lib/components/ui/sidebar/sidebar-footer.svelte => ui/src/lib/components/ui/empty/empty-description.svelte} (55%)
 rename tools/{server/webui/src/lib/components/ui/sidebar/sidebar-group-content.svelte => ui/src/lib/components/ui/empty/empty-header.svelte} (77%)
 create mode 100644 tools/ui/src/lib/components/ui/empty/empty-media.svelte
 rename tools/{server/webui/src/lib/components/ui/sidebar/sidebar-header.svelte => ui/src/lib/components/ui/empty/empty-title.svelte} (65%)
 rename tools/{server/webui/src/lib/components/ui/sidebar/sidebar-group.svelte => ui/src/lib/components/ui/empty/empty.svelte} (56%)
 create mode 100644 tools/ui/src/lib/components/ui/empty/index.ts
 create mode 100644 tools/ui/src/lib/components/ui/hover-card/hover-card-content.svelte
 create mode 100644 tools/ui/src/lib/components/ui/hover-card/hover-card-portal.svelte
 create mode 100644 tools/ui/src/lib/components/ui/hover-card/hover-card-trigger.svelte
 create mode 100644 tools/ui/src/lib/components/ui/hover-card/hover-card.svelte
 create mode 100644 tools/ui/src/lib/components/ui/hover-card/index.ts
 rename tools/{server/webui => ui}/src/lib/components/ui/input/index.ts (100%)
 rename tools/{server/webui => ui}/src/lib/components/ui/input/input.svelte (100%)
 rename tools/{server/webui => ui}/src/lib/components/ui/label/index.ts (100%)
 rename tools/{server/webui => ui}/src/lib/components/ui/label/label.svelte (100%)
 rename tools/{server/webui => ui}/src/lib/components/ui/popover/index.ts (100%)
 rename tools/{server/webui => ui}/src/lib/components/ui/popover/popover-close.svelte (100%)
 rename tools/{server/webui => ui}/src/lib/components/ui/popover/popover-content.svelte (100%)
 rename tools/{server/webui => ui}/src/lib/components/ui/popover/popover-portal.svelte (100%)
 rename tools/{server/webui => ui}/src/lib/components/ui/popover/popover-trigger.svelte (100%)
 rename tools/{server/webui => ui}/src/lib/components/ui/popover/popover.svelte (100%)
 rename tools/{server/webui => ui}/src/lib/components/ui/scroll-area/index.ts (100%)
 rename tools/{server/webui => ui}/src/lib/components/ui/scroll-area/scroll-area-scrollbar.svelte (100%)
 rename tools/{server/webui => ui}/src/lib/components/ui/scroll-area/scroll-area.svelte (100%)
 rename tools/{server/webui => ui}/src/lib/components/ui/select/index.ts (100%)
 rename tools/{server/webui => ui}/src/lib/components/ui/select/select-content.svelte (100%)
 rename tools/{server/webui => ui}/src/lib/components/ui/select/select-group-heading.svelte (100%)
 rename tools/{server/webui => ui}/src/lib/components/ui/select/select-group.svelte (100%)
 rename tools/{server/webui => ui}/src/lib/components/ui/select/select-item.svelte (100%)
 rename tools/{server/webui => ui}/src/lib/components/ui/select/select-label.svelte (100%)
 rename tools/{server/webui => ui}/src/lib/components/ui/select/select-scroll-down-button.svelte (100%)
 rename tools/{server/webui => ui}/src/lib/components/ui/select/select-scroll-up-button.svelte (100%)
 rename tools/{server/webui => ui}/src/lib/components/ui/select/select-separator.svelte (100%)
 rename tools/{server/webui => ui}/src/lib/components/ui/select/select-trigger.svelte (100%)
 rename tools/{server/webui => ui}/src/lib/components/ui/separator/index.ts (100%)
 rename tools/{server/webui => ui}/src/lib/components/ui/separator/separator.svelte (100%)
 rename tools/{server/webui => ui}/src/lib/components/ui/sheet/index.ts (100%)
 rename tools/{server/webui => ui}/src/lib/components/ui/sheet/sheet-close.svelte (100%)
 rename tools/{server/webui => ui}/src/lib/components/ui/sheet/sheet-content.svelte (100%)
 rename tools/{server/webui => ui}/src/lib/components/ui/sheet/sheet-description.svelte (100%)
 rename tools/{server/webui => ui}/src/lib/components/ui/sheet/sheet-footer.svelte (100%)
 rename tools/{server/webui => ui}/src/lib/components/ui/sheet/sheet-header.svelte (100%)
 rename tools/{server/webui => ui}/src/lib/components/ui/sheet/sheet-overlay.svelte (100%)
 rename tools/{server/webui => ui}/src/lib/components/ui/sheet/sheet-title.svelte (100%)
 rename tools/{server/webui => ui}/src/lib/components/ui/sheet/sheet-trigger.svelte (100%)
 rename tools/{server/webui => ui}/src/lib/components/ui/skeleton/index.ts (100%)
 rename tools/{server/webui => ui}/src/lib/components/ui/skeleton/skeleton.svelte (100%)
 rename tools/{server/webui => ui}/src/lib/components/ui/switch/index.ts (100%)
 rename tools/{server/webui => ui}/src/lib/components/ui/switch/switch.svelte (100%)
 rename tools/{server/webui => ui}/src/lib/components/ui/table/index.ts (100%)
 rename tools/{server/webui => ui}/src/lib/components/ui/table/table-body.svelte (100%)
 rename tools/{server/webui => ui}/src/lib/components/ui/table/table-caption.svelte (100%)
 rename tools/{server/webui => ui}/src/lib/components/ui/table/table-cell.svelte (100%)
 rename tools/{server/webui => ui}/src/lib/components/ui/table/table-footer.svelte (100%)
 rename tools/{server/webui => ui}/src/lib/components/ui/table/table-head.svelte (100%)
 rename tools/{server/webui => ui}/src/lib/components/ui/table/table-header.svelte (100%)
 rename tools/{server/webui => ui}/src/lib/components/ui/table/table-row.svelte (100%)
 rename tools/{server/webui => ui}/src/lib/components/ui/table/table.svelte (100%)
 rename tools/{server/webui => ui}/src/lib/components/ui/textarea/index.ts (100%)
 rename tools/{server/webui => ui}/src/lib/components/ui/textarea/textarea.svelte (100%)
 rename tools/{server/webui => ui}/src/lib/components/ui/tooltip/index.ts (100%)
 rename tools/{server/webui => ui}/src/lib/components/ui/tooltip/tooltip-content.svelte (99%)
 rename tools/{server/webui => ui}/src/lib/components/ui/tooltip/tooltip-trigger.svelte (100%)
 rename tools/{server/webui => ui}/src/lib/components/ui/utils.ts (100%)
 rename tools/{server/webui => ui}/src/lib/constants/agentic.ts (59%)
 create mode 100644 tools/ui/src/lib/constants/api-endpoints.ts
 create mode 100644 tools/ui/src/lib/constants/app.ts
 rename tools/{server/webui => ui}/src/lib/constants/attachment-labels.ts (100%)
 rename tools/{server/webui => ui}/src/lib/constants/attachment-menu.ts (88%)
 create mode 100644 tools/ui/src/lib/constants/auto-scroll.ts
 rename tools/{server/webui => ui}/src/lib/constants/binary-detection.ts (100%)
 create mode 100644 tools/ui/src/lib/constants/built-in-tools.ts
 rename tools/{server/webui => ui}/src/lib/constants/cache.ts (100%)
 rename tools/{server/webui => ui}/src/lib/constants/chat-form.ts (100%)
 create mode 100644 tools/ui/src/lib/constants/cli-flags.ts
 rename tools/{server/webui => ui}/src/lib/constants/code-blocks.ts (100%)
 create mode 100644 tools/ui/src/lib/constants/code.ts
 rename tools/{server/webui => ui}/src/lib/constants/context-keys.ts (75%)
 create mode 100644 tools/ui/src/lib/constants/control-actions.ts
 rename tools/{server/webui => ui}/src/lib/constants/css-classes.ts (61%)
 create mode 100644 tools/ui/src/lib/constants/database.ts
 create mode 100644 tools/ui/src/lib/constants/diagram-blocks.ts
 create mode 100644 tools/ui/src/lib/constants/error.ts
 rename tools/{server/webui => ui}/src/lib/constants/floating-ui-constraints.ts (100%)
 rename tools/{server/webui => ui}/src/lib/constants/formatters.ts (100%)
 create mode 100644 tools/ui/src/lib/constants/icons.ts
 create mode 100644 tools/ui/src/lib/constants/image-size.ts
 rename tools/{server/webui => ui}/src/lib/constants/index.ts (70%)
 create mode 100644 tools/ui/src/lib/constants/jpeg-exif.ts
 rename tools/{server/webui => ui}/src/lib/constants/key-value-pairs.ts (100%)
 rename tools/{server/webui => ui}/src/lib/constants/latex-protection.ts (100%)
 rename tools/{server/webui => ui}/src/lib/constants/literal-html.ts (100%)
 rename tools/{server/webui => ui}/src/lib/constants/markdown.ts (84%)
 rename tools/{server/webui => ui}/src/lib/constants/max-bundle-size.ts (100%)
 rename tools/{server/webui => ui}/src/lib/constants/mcp-form.ts (100%)
 rename tools/{server/webui => ui}/src/lib/constants/mcp-resource.ts (100%)
 rename tools/{server/webui => ui}/src/lib/constants/mcp.ts (77%)
 create mode 100644 tools/ui/src/lib/constants/mermaid-blocks.ts
 rename tools/{server/webui => ui}/src/lib/constants/message-export.ts (100%)
 rename tools/{server/webui => ui}/src/lib/constants/model-id.ts (79%)
 create mode 100644 tools/ui/src/lib/constants/model-loading.ts
 rename tools/{server/webui => ui}/src/lib/constants/precision.ts (100%)
 rename tools/{server/webui => ui}/src/lib/constants/processing-info.ts (100%)
 create mode 100644 tools/ui/src/lib/constants/pwa.ts
 create mode 100644 tools/ui/src/lib/constants/reasoning-effort-tokens.ts
 create mode 100644 tools/ui/src/lib/constants/reasoning-effort.ts
 create mode 100644 tools/ui/src/lib/constants/recommended-mcp-servers.ts
 rename tools/{server/webui => ui}/src/lib/constants/routes.ts (87%)
 create mode 100644 tools/ui/src/lib/constants/sandbox.ts
 rename tools/{server/webui => ui}/src/lib/constants/settings-keys.ts (82%)
 rename tools/{server/webui => ui}/src/lib/constants/settings-registry.ts (79%)
 create mode 100644 tools/ui/src/lib/constants/sse.ts
 create mode 100644 tools/ui/src/lib/constants/storage.ts
 create mode 100644 tools/ui/src/lib/constants/stream.ts
 rename tools/{server/webui => ui}/src/lib/constants/supported-file-types.ts (90%)
 create mode 100644 tools/ui/src/lib/constants/svg-blocks.ts
 rename tools/{server/webui => ui}/src/lib/constants/table-html-restorer.ts (100%)
 rename tools/{server/webui => ui}/src/lib/constants/title-generation.ts (100%)
 create mode 100644 tools/ui/src/lib/constants/tools.ts
 rename tools/{server/webui => ui}/src/lib/constants/tooltip-config.ts (100%)
 rename tools/{server/webui => ui}/src/lib/constants/ui.ts (75%)
 rename tools/{server/webui => ui}/src/lib/constants/uri-template.ts (90%)
 rename tools/{server/webui => ui}/src/lib/constants/url.ts (96%)
 rename tools/{server/webui => ui}/src/lib/constants/viewport.ts (100%)
 rename tools/{server/webui => ui}/src/lib/contexts/chat-actions.context.ts (100%)
 rename tools/{server/webui => ui}/src/lib/contexts/chat-settings-config.context.ts (100%)
 rename tools/{server/webui => ui}/src/lib/contexts/index.ts (76%)
 rename tools/{server/webui => ui}/src/lib/contexts/message-edit.context.ts (100%)
 create mode 100644 tools/ui/src/lib/enums/agentic.enums.ts
 rename tools/{server/webui/src/lib/enums/attachment.ts => ui/src/lib/enums/attachment.enums.ts} (91%)
 rename tools/{server/webui/src/lib/enums/chat.ts => ui/src/lib/enums/chat.enums.ts} (73%)
 rename tools/{server/webui/src/lib/enums/files.ts => ui/src/lib/enums/files.enums.ts} (85%)
 rename tools/{server/webui => ui}/src/lib/enums/index.ts (53%)
 rename tools/{server/webui/src/lib/enums/keyboard.ts => ui/src/lib/enums/keyboard.enums.ts} (95%)
 rename tools/{server/webui/src/lib/enums/mcp.ts => ui/src/lib/enums/mcp.enums.ts} (95%)
 rename tools/{server/webui/src/lib/enums/model.ts => ui/src/lib/enums/model.enums.ts} (63%)
 create mode 100644 tools/ui/src/lib/enums/reasoning-effort.enums.ts
 rename tools/{server/webui/src/lib/enums/server.ts => ui/src/lib/enums/server.enums.ts} (54%)
 rename tools/{server/webui/src/lib/enums/settings.ts => ui/src/lib/enums/settings.enums.ts} (100%)
 create mode 100644 tools/ui/src/lib/enums/splash.enums.ts
 create mode 100644 tools/ui/src/lib/enums/tools.enums.ts
 rename tools/{server/webui/src/lib/enums/ui.ts => ui/src/lib/enums/ui.enums.ts} (100%)
 rename tools/{server/webui => ui}/src/lib/hooks/use-attachment-menu.svelte.ts (98%)
 rename tools/{server/webui => ui}/src/lib/hooks/use-auto-scroll.svelte.ts (95%)
 create mode 100644 tools/ui/src/lib/hooks/use-chat-screen-active-model.svelte.ts
 create mode 100644 tools/ui/src/lib/hooks/use-chat-screen-drag-and-drop.svelte.ts
 create mode 100644 tools/ui/src/lib/hooks/use-chat-screen-file-upload.svelte.ts
 create mode 100644 tools/ui/src/lib/hooks/use-chat-screen-scroll.svelte.ts
 create mode 100644 tools/ui/src/lib/hooks/use-context-gauge.svelte.ts
 rename tools/{server/webui => ui}/src/lib/hooks/use-draft-messages.svelte.ts (100%)
 rename tools/{server/webui => ui}/src/lib/hooks/use-keyboard-shortcuts.svelte.ts (91%)
 rename tools/{server/webui => ui}/src/lib/hooks/use-message-edit-context.svelte.ts (100%)
 rename tools/{server/webui => ui}/src/lib/hooks/use-models-selector.svelte.ts (95%)
 rename tools/{server/webui => ui}/src/lib/hooks/use-processing-state.svelte.ts (96%)
 create mode 100644 tools/ui/src/lib/hooks/use-pwa.svelte.ts
 create mode 100644 tools/ui/src/lib/hooks/use-reasoning-menu.svelte.ts
 rename tools/{server/webui => ui}/src/lib/hooks/use-scroll-carousel.svelte.ts (100%)
 rename tools/{server/webui => ui}/src/lib/hooks/use-settings-navigation.svelte.ts (100%)
 rename tools/{server/webui => ui}/src/lib/hooks/use-tools-panel.svelte.ts (68%)
 rename tools/{server/webui => ui}/src/lib/services/chat.service.ts (62%)
 rename tools/{server/webui => ui}/src/lib/services/database.service.ts (50%)
 rename tools/{server/webui => ui}/src/lib/services/index.ts (86%)
 rename tools/{server/webui => ui}/src/lib/services/mcp.service.ts (83%)
 create mode 100644 tools/ui/src/lib/services/migration.service.ts
 rename tools/{server/webui => ui}/src/lib/services/models.service.ts (92%)
 rename tools/{server/webui => ui}/src/lib/services/parameter-sync.service.spec.ts (98%)
 rename tools/{server/webui => ui}/src/lib/services/parameter-sync.service.ts (95%)
 rename tools/{server/webui => ui}/src/lib/services/props.service.ts (100%)
 rename tools/{server/webui => ui}/src/lib/services/router.service.ts (100%)
 create mode 100644 tools/ui/src/lib/services/sandbox-harness.ts
 create mode 100644 tools/ui/src/lib/services/sandbox-worker.js
 create mode 100644 tools/ui/src/lib/services/sandbox.service.ts
 create mode 100644 tools/ui/src/lib/services/tools.service.ts
 rename tools/{server/webui => ui}/src/lib/stores/agentic.svelte.ts (83%)
 create mode 100644 tools/ui/src/lib/stores/build-info.svelte.ts
 rename tools/{server/webui => ui}/src/lib/stores/chat.svelte.ts (67%)
 rename tools/{server/webui => ui}/src/lib/stores/conversations.svelte.ts (62%)
 create mode 100644 tools/ui/src/lib/stores/device.svelte.ts
 rename tools/{server/webui => ui}/src/lib/stores/draft-messages.svelte.ts (100%)
 rename tools/{server/webui => ui}/src/lib/stores/mcp-resources.svelte.ts (99%)
 rename tools/{server/webui => ui}/src/lib/stores/mcp.svelte.ts (87%)
 rename tools/{server/webui => ui}/src/lib/stores/models.svelte.ts (50%)
 rename tools/{server/webui => ui}/src/lib/stores/permissions.svelte.ts (99%)
 rename tools/{server/webui => ui}/src/lib/stores/persisted.svelte.ts (100%)
 rename tools/{server/webui => ui}/src/lib/stores/server.svelte.ts (65%)
 rename tools/{server/webui => ui}/src/lib/stores/settings-referrer.svelte.ts (100%)
 rename tools/{server/webui => ui}/src/lib/stores/settings.svelte.ts (92%)
 create mode 100644 tools/ui/src/lib/stores/theme.svelte.ts
 create mode 100644 tools/ui/src/lib/stores/tools.svelte.ts
 create mode 100644 tools/ui/src/lib/stores/version.svelte.ts
 create mode 100644 tools/ui/src/lib/stores/viewport.svelte.ts
 rename tools/{server/webui => ui}/src/lib/types/agentic.d.ts (86%)
 rename tools/{server/webui => ui}/src/lib/types/api.d.ts (82%)
 rename tools/{server/webui => ui}/src/lib/types/chat.d.ts (95%)
 rename tools/{server/webui => ui}/src/lib/types/common.d.ts (92%)
 rename tools/{server/webui => ui}/src/lib/types/database.d.ts (83%)
 rename tools/{server/webui => ui}/src/lib/types/index.ts (87%)
 rename tools/{server/webui => ui}/src/lib/types/mcp.d.ts (87%)
 rename tools/{server/webui => ui}/src/lib/types/models.d.ts (62%)
 create mode 100644 tools/ui/src/lib/types/reasoning.ts
 rename tools/{server/webui => ui}/src/lib/types/settings.d.ts (88%)
 create mode 100644 tools/ui/src/lib/types/splash.ts
 rename tools/{server/webui => ui}/src/lib/types/tools.d.ts (79%)
 rename tools/{server/webui => ui}/src/lib/utils/abort.ts (78%)
 create mode 100644 tools/ui/src/lib/utils/agentic.ts
 rename tools/{server/webui => ui}/src/lib/utils/api-fetch.ts (67%)
 rename tools/{server/webui => ui}/src/lib/utils/api-headers.ts (74%)
 rename tools/{server/webui => ui}/src/lib/utils/api-key-validation.ts (69%)
 rename tools/{server/webui => ui}/src/lib/utils/attachment-display.ts (100%)
 rename tools/{server/webui => ui}/src/lib/utils/attachment-type.ts (84%)
 rename tools/{server/webui => ui}/src/lib/utils/audio-recording.ts (100%)
 rename tools/{server/webui => ui}/src/lib/utils/autoresize-textarea.ts (100%)
 rename tools/{server/webui => ui}/src/lib/utils/branching.ts (67%)
 rename tools/{server/webui => ui}/src/lib/utils/browser-only.ts (100%)
 rename tools/{server/webui => ui}/src/lib/utils/cache-ttl.ts (100%)
 create mode 100644 tools/ui/src/lib/utils/cap-img-size.ts
 create mode 100644 tools/ui/src/lib/utils/chat-template-thinking-detector.ts
 rename tools/{server/webui => ui}/src/lib/utils/clipboard.ts (100%)
 rename tools/{server/webui => ui}/src/lib/utils/code.ts (72%)
 create mode 100644 tools/ui/src/lib/utils/compute-line-diff.ts
 rename tools/{server/webui => ui}/src/lib/utils/config-helpers.ts (100%)
 rename tools/{server/webui => ui}/src/lib/utils/conversation-utils.ts (100%)
 rename tools/{server/webui => ui}/src/lib/utils/convert-files-to-extra.ts (93%)
 rename tools/{server/webui => ui}/src/lib/utils/cors-proxy.ts (86%)
 rename tools/{server/webui => ui}/src/lib/utils/css.ts (100%)
 rename tools/{server/webui => ui}/src/lib/utils/data-url.ts (100%)
 rename tools/{server/webui => ui}/src/lib/utils/debounce.ts (100%)
 rename tools/{server/webui => ui}/src/lib/utils/file-preview.ts (100%)
 rename tools/{server/webui => ui}/src/lib/utils/file-type.ts (88%)
 rename tools/{server/webui => ui}/src/lib/utils/formatters.ts (100%)
 rename tools/{server/webui => ui}/src/lib/utils/headers.ts (100%)
 create mode 100644 tools/ui/src/lib/utils/heic-to-jpeg.ts
 rename tools/{server/webui => ui}/src/lib/utils/image-error-fallback.ts (100%)
 rename tools/{server/webui => ui}/src/lib/utils/index.ts (67%)
 rename tools/{server/webui => ui}/src/lib/utils/is-ime-composing.ts (100%)
 create mode 100644 tools/ui/src/lib/utils/jpeg-orientation.ts
 rename tools/{server/webui => ui}/src/lib/utils/latex-protection.ts (100%)
 rename tools/{server/webui => ui}/src/lib/utils/legacy-migration.ts (89%)
 rename tools/{server/webui => ui}/src/lib/utils/mcp.ts (95%)
 rename tools/{server/webui => ui}/src/lib/utils/modality-file-validation.ts (91%)
 rename tools/{server/webui => ui}/src/lib/utils/model-names.ts (94%)
 create mode 100644 tools/ui/src/lib/utils/parse-exec-shell-error.ts
 create mode 100644 tools/ui/src/lib/utils/parse-exec-shell-status.ts
 create mode 100644 tools/ui/src/lib/utils/parse-partial-json-args.ts
 rename tools/{server/webui => ui}/src/lib/utils/pdf-processing.ts (97%)
 rename tools/{server/webui => ui}/src/lib/utils/portal-to-body.ts (100%)
 rename tools/{server/webui => ui}/src/lib/utils/precision.ts (100%)
 rename tools/{server/webui => ui}/src/lib/utils/process-uploaded-files.ts (88%)
 create mode 100644 tools/ui/src/lib/utils/progress.ts
 rename tools/{server/webui => ui}/src/lib/utils/redact.ts (100%)
 rename tools/{server/webui => ui}/src/lib/utils/request-helpers.ts (100%)
 create mode 100644 tools/ui/src/lib/utils/sanitize-svg.ts
 rename tools/{server/webui => ui}/src/lib/utils/sanitize.ts (100%)
 create mode 100644 tools/ui/src/lib/utils/search-results.ts
 create mode 100644 tools/ui/src/lib/utils/sse.ts
 create mode 100644 tools/ui/src/lib/utils/stream-identity.ts
 create mode 100644 tools/ui/src/lib/utils/svg-shadow.ts
 rename tools/{server/webui => ui}/src/lib/utils/svg-to-png.ts (100%)
 rename tools/{server/webui => ui}/src/lib/utils/syntax-highlight-language.ts (100%)
 rename tools/{server/webui => ui}/src/lib/utils/text-files.ts (100%)
 rename tools/{server/webui => ui}/src/lib/utils/text.ts (81%)
 create mode 100644 tools/ui/src/lib/utils/tool-call-meta.ts
 rename tools/{server/webui => ui}/src/lib/utils/uri-template.ts (99%)
 create mode 100644 tools/ui/src/lib/utils/url.ts
 rename tools/{server/webui => ui}/src/lib/utils/uuid.ts (100%)
 rename tools/{server/webui => ui}/src/lib/utils/viewport.ts (100%)
 rename tools/{server/webui => ui}/src/lib/utils/webp-to-png.ts (100%)
 rename tools/{server/webui => ui}/src/routes/(chat)/+layout.svelte (100%)
 rename tools/{server/webui => ui}/src/routes/(chat)/+page.svelte (84%)
 rename tools/{server/webui => ui}/src/routes/(chat)/+page.ts (100%)
 rename tools/{server/webui => ui}/src/routes/(chat)/chat/[id]/+page.svelte (77%)
 rename tools/{server/webui => ui}/src/routes/(chat)/chat/[id]/+page.ts (100%)
 rename tools/{server/webui => ui}/src/routes/+error.svelte (95%)
 create mode 100644 tools/ui/src/routes/+layout.svelte
 rename tools/{server/webui => ui}/src/routes/mcp-servers/+page.svelte (100%)
 create mode 100644 tools/ui/src/routes/search/+page.svelte
 rename tools/{server/webui => ui}/src/routes/settings/+layout.svelte (77%)
 rename tools/{server/webui => ui}/src/routes/settings/[[section]]/+page.svelte (81%)
 rename tools/{server/webui => ui}/src/styles/katex-custom.scss (59%)
 create mode 100644 tools/ui/static/recommended-mcp/context7.png
 create mode 100644 tools/ui/static/recommended-mcp/exa.ico
 create mode 100644 tools/ui/static/recommended-mcp/github-dark.png
 create mode 100644 tools/ui/static/recommended-mcp/github-light.png
 create mode 100644 tools/ui/static/recommended-mcp/huggingface.ico
 rename tools/{server/webui => ui}/svelte.config.js (73%)
 create mode 100644 tools/ui/tests/client/cap-img-size.svelte.test.ts
 create mode 100644 tools/ui/tests/client/components/McpServerFormWrapper.svelte
 rename tools/{server/webui => ui}/tests/client/components/TestWrapper.svelte (64%)
 create mode 100644 tools/ui/tests/client/mcp-server-form.svelte.test.ts
 rename tools/{server/webui => ui}/tests/client/page.svelte.test.ts (70%)
 create mode 100644 tools/ui/tests/e2e/pwa.e2e.ts
 rename tools/{server/webui => ui}/tests/stories/ChatMessage.stories.svelte (100%)
 rename tools/{server/webui => ui}/tests/stories/ChatScreenForm.stories.svelte (100%)
 rename tools/{server/webui => ui}/tests/stories/Introduction.mdx (93%)
 rename tools/{server/webui => ui}/tests/stories/MarkdownContent.stories.svelte (100%)
 create mode 100644 tools/ui/tests/stories/ModelsSelector.stories.svelte
 create mode 100644 tools/ui/tests/stories/PwaRefreshAlert.stories.svelte
 rename tools/{server/webui => ui}/tests/stories/SidebarNavigation.stories.svelte (71%)
 create mode 100644 tools/ui/tests/stories/a11y/ActionIcon.a11y.stories.svelte
 create mode 100644 tools/ui/tests/stories/a11y/ChatMessageStatistics.a11y.stories.svelte
 create mode 100644 tools/ui/tests/stories/a11y/ChatScreenForm.a11y.stories.svelte
 create mode 100644 tools/ui/tests/stories/a11y/HorizontalScrollCarousel.a11y.stories.svelte
 create mode 100644 tools/ui/tests/stories/a11y/SidebarNavigationConversationItem.a11y.stories.svelte
 rename tools/{server/webui => ui}/tests/stories/fixtures/ai-tutorial.ts (100%)
 rename tools/{server/webui => ui}/tests/stories/fixtures/api-docs.ts (100%)
 rename tools/{server/webui => ui}/tests/stories/fixtures/assets/1.jpg (100%)
 rename tools/{server/webui => ui}/tests/stories/fixtures/assets/beautiful-flowers-lotus.webp (100%)
 rename tools/{server/webui => ui}/tests/stories/fixtures/assets/example.pdf (100%)
 rename tools/{server/webui => ui}/tests/stories/fixtures/assets/hf-logo.svg (100%)
 rename tools/{server/webui => ui}/tests/stories/fixtures/blog-post.ts (100%)
 rename tools/{server/webui => ui}/tests/stories/fixtures/data-analysis.ts (100%)
 rename tools/{server/webui => ui}/tests/stories/fixtures/empty.ts (100%)
 rename tools/{server/webui => ui}/tests/stories/fixtures/math-formulas.ts (100%)
 rename tools/{server/webui => ui}/tests/stories/fixtures/readme.ts (100%)
 rename tools/{server/webui => ui}/tests/stories/fixtures/storybook-mocks.ts (87%)
 create mode 100644 tools/ui/tests/unit/abort.test.ts
 rename tools/{server/webui => ui}/tests/unit/agentic-sections.test.ts (82%)
 rename tools/{server/webui => ui}/tests/unit/agentic-strip.test.ts (100%)
 create mode 100644 tools/ui/tests/unit/assistant-raw-output.test.ts
 create mode 100644 tools/ui/tests/unit/classify-tool-result.test.ts
 rename tools/{server/webui => ui}/tests/unit/clipboard.test.ts (100%)
 create mode 100644 tools/ui/tests/unit/code.test.ts
 create mode 100644 tools/ui/tests/unit/compute-line-diff.test.ts
 create mode 100644 tools/ui/tests/unit/continue-intent.test.ts
 create mode 100644 tools/ui/tests/unit/favicon-colorize.test.ts
 create mode 100644 tools/ui/tests/unit/headers.test.ts
 create mode 100644 tools/ui/tests/unit/jpeg-orientation.test.ts
 rename tools/{server/webui => ui}/tests/unit/latex-protection.test.ts (100%)
 create mode 100644 tools/ui/tests/unit/mcp-default-overrides-merge.test.ts
 create mode 100644 tools/ui/tests/unit/mcp-override-fallback.test.ts
 create mode 100644 tools/ui/tests/unit/mcp-servers-default.test.ts
 rename tools/{server/webui => ui}/tests/unit/mcp-service.test.ts (72%)
 rename tools/{server/webui => ui}/tests/unit/model-id-parser.test.ts (97%)
 rename tools/{server/webui => ui}/tests/unit/model-names.test.ts (100%)
 create mode 100644 tools/ui/tests/unit/parse-exec-shell-status.test.ts
 create mode 100644 tools/ui/tests/unit/parse-mcp-server-settings.test.ts
 create mode 100644 tools/ui/tests/unit/partial-tool-call-cleanup.test.ts
 create mode 100644 tools/ui/tests/unit/pwa.spec.ts
 rename tools/{server/webui => ui}/tests/unit/reasoning-context.test.ts (100%)
 rename tools/{server/webui => ui}/tests/unit/redact.test.ts (100%)
 rename tools/{server/webui => ui}/tests/unit/request-helpers.test.ts (100%)
 rename tools/{server/webui => ui}/tests/unit/sanitize-headers.test.ts (71%)
 create mode 100644 tools/ui/tests/unit/search-results-fixture.test.ts
 create mode 100644 tools/ui/tests/unit/search-results.test.ts
 create mode 100644 tools/ui/tests/unit/sse.test.ts
 create mode 100644 tools/ui/tests/unit/stream-discovery.test.ts
 create mode 100644 tools/ui/tests/unit/stream-resume.test.ts
 create mode 100644 tools/ui/tests/unit/tool-call-meta.test.ts
 create mode 100644 tools/ui/tests/unit/tool-calls.test.ts
 rename tools/{server/webui => ui}/tests/unit/uri-template.test.ts (95%)
 rename tools/{server/webui => ui}/tsconfig.json (94%)
 rename tools/{server/webui => ui}/vite.config.ts (55%)
 create mode 100644 tools/ui/vitest-setup-client.ts
 create mode 100644 tools/ui/vitest.shims.d.ts
now at: 91d2fc38 2026-07-20 22:43:39 +0800
=== cmake configure ===

-- Generating embedded license file for target: llama-app
-- Configuring done (1.9s)
-- Generating done (0.2s)
-- Build files have been written to: /home/john/githubs/llm-server/llama.cpp/build
=== build (llama-server llama-cli) ===
[100%] Building CXX object tools/cli/CMakeFiles/llama-cli-impl.dir/cli-context.cpp.o
[100%] Building CXX object tools/cli/CMakeFiles/llama-cli-impl.dir/cli.cpp.o
[100%] Building CXX object tools/cli/CMakeFiles/llama-cli-impl.dir/cli-client.cpp.o
[100%] Linking CXX shared library ../../bin/libllama-cli-impl.so
[100%] Built target llama-cli-impl
[100%] Building CXX object tools/cli/CMakeFiles/llama-cli.dir/main.cpp.o
[100%] Linking CXX executable ../../bin/llama-cli
[100%] Built target llama-cli
=== BUILD EXIT 0 ===
-rwxr-xr-x 1 john john 15968 Jul 20 15:48 build/bin/llama-cli
-rwxr-xr-x 1 john john 15976 Jul 20 15:48 build/bin/llama-server
